{
  "fio version" : "fio-3.17-97-g8178",
  "timestamp" : 1579994534,
  "timestamp_ms" : 1579994534073,
  "time" : "Sat Jan 25 16:22:14 2020",
  "jobs" : [
    {
      "jobname" : "fixed-rate-submit",
      "groupid" : 0,
      "error" : 0,
      "eta" : 0,
      "elapsed" : 301,
      "job options" : {
        "ioengine" : "io_uring",
        "iodepth" : "16",
        "bs" : "4k",
        "group_reporting" : "1",
        "directory" : "/mnt/ramdisk",
        "size" : "10g",
        "time_based" : "1",
        "ramp_time" : "60",
        "runtime" : "240",
        "clocksource" : "cpu",
        "rw" : "randread",
        "numjobs" : "1",
        "nrfiles" : "1",
        "rate_iops" : "400000",
        "fixedbufs" : "1",
        "registerfiles" : "1",
        "sqthread_poll" : "0"
      },
      "read" : {
        "io_bytes" : 393211953152,
        "io_kbytes" : 383996048,
        "bw_bytes" : 1638376311,
        "bw" : 1599976,
        "iops" : 399994.150024,
        "runtime" : 240001,
        "total_ios" : 95998996,
        "short_ios" : 0,
        "drop_ios" : 0,
        "slat_ns" : {
          "min" : 1021,
          "max" : 12004982,
          "mean" : 1519.839658,
          "stddev" : 31420.401431
        },
        "clat_ns" : {
          "min" : 100,
          "max" : 12044775,
          "mean" : 22905.667095,
          "stddev" : 76585.508215,
          "percentile" : {
            "1.000000" : 203,
            "5.000000" : 209,
            "10.000000" : 213,
            "20.000000" : 1944,
            "30.000000" : 29056,
            "40.000000" : 29312,
            "50.000000" : 29312,
            "60.000000" : 29312,
            "70.000000" : 29312,
            "80.000000" : 29568,
            "90.000000" : 29568,
            "95.000000" : 29568,
            "99.000000" : 29824,
            "99.500000" : 30336,
            "99.900000" : 31872,
            "99.950000" : 33024,
            "99.990000" : 4046848
          }
        },
        "lat_ns" : {
          "min" : 1171,
          "max" : 12046138,
          "mean" : 24464.708410,
          "stddev" : 83032.403188
        },
        "bw_min" : 652086,
        "bw_max" : 1697705,
        "bw_agg" : 82.483558,
        "bw_mean" : 1319717.139875,
        "bw_dev" : 158047.920385,
        "bw_samples" : 479,
        "iops_min" : 163021,
        "iops_max" : 424428,
        "iops_mean" : 329928.922756,
        "iops_stddev" : 39511.972916,
        "iops_samples" : 479
      },
      "write" : {
        "io_bytes" : 0,
        "io_kbytes" : 0,
        "bw_bytes" : 0,
        "bw" : 0,
        "iops" : 0.000000,
        "runtime" : 0,
        "total_ios" : 0,
        "short_ios" : 0,
        "drop_ios" : 0,
        "slat_ns" : {
          "min" : 0,
          "max" : 0,
          "mean" : 0.000000,
          "stddev" : 0.000000
        },
        "clat_ns" : {
          "min" : 0,
          "max" : 0,
          "mean" : 0.000000,
          "stddev" : 0.000000,
          "percentile" : {
            "1.000000" : 0,
            "5.000000" : 0,
            "10.000000" : 0,
            "20.000000" : 0,
            "30.000000" : 0,
            "40.000000" : 0,
            "50.000000" : 0,
            "60.000000" : 0,
            "70.000000" : 0,
            "80.000000" : 0,
            "90.000000" : 0,
            "95.000000" : 0,
            "99.000000" : 0,
            "99.500000" : 0,
            "99.900000" : 0,
            "99.950000" : 0,
            "99.990000" : 0
          }
        },
        "lat_ns" : {
          "min" : 0,
          "max" : 0,
          "mean" : 0.000000,
          "stddev" : 0.000000
        },
        "bw_min" : 0,
        "bw_max" : 0,
        "bw_agg" : 0.000000,
        "bw_mean" : 0.000000,
        "bw_dev" : 0.000000,
        "bw_samples" : 0,
        "iops_min" : 0,
        "iops_max" : 0,
        "iops_mean" : 0.000000,
        "iops_stddev" : 0.000000,
        "iops_samples" : 0
      },
      "trim" : {
        "io_bytes" : 0,
        "io_kbytes" : 0,
        "bw_bytes" : 0,
        "bw" : 0,
        "iops" : 0.000000,
        "runtime" : 0,
        "total_ios" : 0,
        "short_ios" : 0,
        "drop_ios" : 0,
        "slat_ns" : {
          "min" : 0,
          "max" : 0,
          "mean" : 0.000000,
          "stddev" : 0.000000
        },
        "clat_ns" : {
          "min" : 0,
          "max" : 0,
          "mean" : 0.000000,
          "stddev" : 0.000000,
          "percentile" : {
            "1.000000" : 0,
            "5.000000" : 0,
            "10.000000" : 0,
            "20.000000" : 0,
            "30.000000" : 0,
            "40.000000" : 0,
            "50.000000" : 0,
            "60.000000" : 0,
            "70.000000" : 0,
            "80.000000" : 0,
            "90.000000" : 0,
            "95.000000" : 0,
            "99.000000" : 0,
            "99.500000" : 0,
            "99.900000" : 0,
            "99.950000" : 0,
            "99.990000" : 0
          }
        },
        "lat_ns" : {
          "min" : 0,
          "max" : 0,
          "mean" : 0.000000,
          "stddev" : 0.000000
        },
        "bw_min" : 0,
        "bw_max" : 0,
        "bw_agg" : 0.000000,
        "bw_mean" : 0.000000,
        "bw_dev" : 0.000000,
        "bw_samples" : 0,
        "iops_min" : 0,
        "iops_max" : 0,
        "iops_mean" : 0.000000,
        "iops_stddev" : 0.000000,
        "iops_samples" : 0
      },
      "sync" : {
        "lat_ns" : {
          "min" : 0,
          "max" : 0,
          "mean" : 0.000000,
          "stddev" : 0.000000,
          "percentile" : {
            "1.000000" : 0,
            "5.000000" : 0,
            "10.000000" : 0,
            "20.000000" : 0,
            "30.000000" : 0,
            "40.000000" : 0,
            "50.000000" : 0,
            "60.000000" : 0,
            "70.000000" : 0,
            "80.000000" : 0,
            "90.000000" : 0,
            "95.000000" : 0,
            "99.000000" : 0,
            "99.500000" : 0,
            "99.900000" : 0,
            "99.950000" : 0,
            "99.990000" : 0
          }
        },
        "total_ios" : 0,
        "clat_prio" : {
          "samples" : 95999011,
          "min" : 100,
          "max" : 12044775,
          "mean" : 22905.667095,
          "stddev" : 76585.508215,
          "percentile" : {
            "1.000000" : 203,
            "5.000000" : 209,
            "10.000000" : 213,
            "20.000000" : 1944,
            "30.000000" : 29056,
            "40.000000" : 29312,
            "50.000000" : 29312,
            "60.000000" : 29312,
            "70.000000" : 29312,
            "80.000000" : 29568,
            "90.000000" : 29568,
            "95.000000" : 29568,
            "99.000000" : 29824,
            "99.500000" : 30336,
            "99.900000" : 31872,
            "99.950000" : 33024,
            "99.990000" : 4046848,
            "0.00" : 0,
            "0.00" : 0,
            "0.00" : 0
          }
        },
        "clat_low_prio" : {
          "samples" : 0,
          "min" : 0,
          "max" : 0,
          "mean" : 0.000000,
          "stddev" : 0.000000,
          "percentile" : {
            "1.000000" : 0,
            "5.000000" : 0,
            "10.000000" : 0,
            "20.000000" : 0,
            "30.000000" : 0,
            "40.000000" : 0,
            "50.000000" : 0,
            "60.000000" : 0,
            "70.000000" : 0,
            "80.000000" : 0,
            "90.000000" : 0,
            "95.000000" : 0,
            "99.000000" : 0,
            "99.500000" : 0,
            "99.900000" : 0,
            "99.950000" : 0,
            "99.990000" : 0,
            "0.00" : 0,
            "0.00" : 0,
            "0.00" : 0
          }
        }
      },
      "job_runtime" : 240000,
      "usr_cpu" : 45.109167,
      "sys_cpu" : 38.751667,
      "ctx" : 11059,
      "majf" : 0,
      "minf" : 37,
      "iodepth_level" : {
        "1" : 12.959450,
        "2" : 13.032120,
        "4" : 0.110655,