{
  "fio version" : "fio-3.17-97-g8178",
  "timestamp" : 1579991522,
  "timestamp_ms" : 1579991522479,
  "time" : "Sat Jan 25 15:32:02 2020",
  "jobs" : [
    {
      "jobname" : "fixed-rate-submit",
      "groupid" : 0,
      "error" : 0,
      "eta" : 0,
      "elapsed" : 301,
      "job options" : {
        "ioengine" : "io_uring",
        "iodepth" : "8",
        "bs" : "4k",
        "group_reporting" : "1",
        "directory" : "/mnt/ramdisk",
        "size" : "10g",
        "time_based" : "1",
        "ramp_time" : "60",
        "runtime" : "240",
        "clocksource" : "cpu",
        "rw" : "randread",
        "numjobs" : "1",
        "nrfiles" : "1",
        "rate_iops" : "100000",
        "fixedbufs" : "1",
        "registerfiles" : "1",
        "sqthread_poll" : "0"
      },
      "read" : {
        "io_bytes" : 98304008192,
        "io_kbytes" : 96000008,
        "bw_bytes" : 409598327,
        "bw" : 399998,
        "iops" : 99999.587502,
        "runtime" : 240001,
        "total_ios" : 24000001,
        "short_ios" : 0,
        "drop_ios" : 0,
        "slat_ns" : {
          "min" : 1021,
          "max" : 12003286,
          "mean" : 1482.006071,
          "stddev" : 29682.370553
        },
        "clat_ns" : {
          "min" : 97,
          "max" : 12015565,
          "mean" : 2826.377809,
          "stddev" : 9846.853688,
          "percentile" : {
            "1.000000" : 101,
            "5.000000" : 103,
            "10.000000" : 104,
            "20.000000" : 105,
            "30.000000" : 106,
            "40.000000" : 106,
            "50.000000" : 107,
            "60.000000" : 108,
            "70.000000" : 109,
            "80.000000" : 2416,
            "90.000000" : 13760,
            "95.000000" : 13888,
            "99.000000" : 14016,
            "99.500000" : 14016,
            "99.900000" : 14144,
            "99.950000" : 14144,
            "99.990000" : 14400
          }
        },
        "lat_ns" : {
          "min" : 1159,
          "max" : 12018237,
          "mean" : 4346.738318,
          "stddev" : 31801.952984
        },
        "bw_min" : 196660,
        "bw_max" : 400018,
        "bw_agg" : 81.050594,
        "bw_mean" : 324200.755741,
        "bw_dev" : 39986.772731,
        "bw_samples" : 479,
        "iops_min" : 49165,
        "iops_max" : 100004,
        "iops_mean" : 81049.830898,
        "iops_stddev" : 9996.693715,
        "iops_samples" : 479
      },
      "write" : {
        "io_bytes" : 0,
        "io_kbytes" : 0,
        "bw_bytes" : 0,
        "bw" : 0,
        "iops" : 0.000000,
        "runtime" : 0,
        "total_ios" : 0,
        "short_ios" : 0,
        "drop_ios" : 0,
        "slat_ns" : {
          "min" : 0,
          "max" : 0,
          "mean" : 0.000000,
          "stddev" : 0.000000
        },
        "clat_ns" : {
          "min" : 0,
          "max" : 0,
          "mean" : 0.000000,
          "stddev" : 0.000000,
          "percentile" : {
            "1.000000" : 0,
            "5.000000" : 0,
            "10.000000" : 0,
            "20.000000" : 0,
            "30.000000" : 0,
            "40.000000" : 0,
            "50.000000" : 0,
            "60.000000" : 0,
            "70.000000" : 0,
            "80.000000" : 0,
            "90.000000" : 0,
            "95.000000" : 0,
            "99.000000" : 0,
            "99.500000" : 0,
            "99.900000" : 0,
            "99.950000" : 0,
            "99.990000" : 0
          }
        },
        "lat_ns" : {
          "min" : 0,
          "max" : 0,
          "mean" : 0.000000,
          "stddev" : 0.000000
        },
        "bw_min" : 0,
        "bw_max" : 0,
        "bw_agg" : 0.000000,
        "bw_mean" : 0.000000,
        "bw_dev" : 0.000000,
        "bw_samples" : 0,
        "iops_min" : 0,
        "iops_max" : 0,
        "iops_mean" : 0.000000,
        "iops_stddev" : 0.000000,
        "iops_samples" : 0
      },
      "trim" : {
        "io_bytes" : 0,
        "io_kbytes" : 0,
        "bw_bytes" : 0,
        "bw" : 0,
        "iops" : 0.000000,
        "runtime" : 0,
        "total_ios" : 0,
        "short_ios" : 0,
        "drop_ios" : 0,
        "slat_ns" : {
          "min" : 0,
          "max" : 0,
          "mean" : 0.000000,
          "stddev" : 0.000000
        },
        "clat_ns" : {
          "min" : 0,
          "max" : 0,
          "mean" : 0.000000,
          "stddev" : 0.000000,
          "percentile" : {
            "1.000000" : 0,
            "5.000000" : 0,
            "10.000000" : 0,
            "20.000000" : 0,
            "30.000000" : 0,
            "40.000000" : 0,
            "50.000000" : 0,
            "60.000000" : 0,
            "70.000000" : 0,
            "80.000000" : 0,
            "90.000000" : 0,
            "95.000000" : 0,
            "99.000000" : 0,
            "99.500000" : 0,
            "99.900000" : 0,
            "99.950000" : 0,
            "99.990000" : 0
          }
        },
        "lat_ns" : {
          "min" : 0,
          "max" : 0,
          "mean" : 0.000000,
          "stddev" : 0.000000
        },
        "bw_min" : 0,
        "bw_max" : 0,
        "bw_agg" : 0.000000,
        "bw_mean" : 0.000000,
        "bw_dev" : 0.000000,
        "bw_samples" : 0,
        "iops_min" : 0,
        "iops_max" : 0,
        "iops_mean" : 0.000000,
        "iops_stddev" : 0.000000,
        "iops_samples" : 0
      },
      "sync" : {
        "lat_ns" : {
          "min" : 0,
          "max" : 0,
          "mean" : 0.000000,
          "stddev" : 0.000000,
          "percentile" : {
            "1.000000" : 0,
            "5.000000" : 0,
            "10.000000" : 0,
            "20.000000" : 0,
            "30.000000" : 0,
            "40.000000" : 0,
            "50.000000" : 0,
            "60.000000" : 0,
            "70.000000" : 0,
            "80.000000" : 0,
            "90.000000" : 0,
            "95.000000" : 0,
            "99.000000" : 0,
            "99.500000" : 0,
            "99.900000" : 0,
            "99.950000" : 0,
            "99.990000" : 0
          }
        },
        "total_ios" : 0,
        "clat_prio" : {
          "samples" : 24000002,
          "min" : 97,
          "max" : 12015565,
          "mean" : 2826.377809,
          "stddev" : 9846.853688,
          "percentile" : {
            "1.000000" : 101,
            "5.000000" : 103,
            "10.000000" : 104,
            "20.000000" : 105,
            "30.000000" : 106,
            "40.000000" : 106,
            "50.000000" : 107,
            "60.000000" : 108,
            "70.000000" : 109,
            "80.000000" : 2416,
            "90.000000" : 13760,
            "95.000000" : 13888,
            "99.000000" : 14016,
            "99.500000" : 14016,
            "99.900000" : 14144,
            "99.950000" : 14144,
            "99.990000" : 14400,
            "0.00" : 0,
            "0.00" : 0,
            "0.00" : 0
          }
        },
        "clat_low_prio" : {
          "samples" : 0,
          "min" : 0,
          "max" : 0,
          "mean" : 0.000000,
          "stddev" : 0.000000,
          "percentile" : {
            "1.000000" : 0,
            "5.000000" : 0,
            "10.000000" : 0,
            "20.000000" : 0,
            "30.000000" : 0,
            "40.000000" : 0,
            "50.000000" : 0,
            "60.000000" : 0,
            "70.000000" : 0,
            "80.000000" : 0,
            "90.000000" : 0,
            "95.000000" : 0,
            "99.000000" : 0,
            "99.500000" : 0,
            "99.900000" : 0,
            "99.950000" : 0,
            "99.990000" : 0,
            "0.00" : 0,
            "0.00" : 0,
            "0.00" : 0
          }
        }
      },
      "job_runtime" : 240000,
      "usr_cpu" : 75.803750,
      "sys_cpu" : 8.080417,
      "ctx" : 11130,
      "majf" : 0,
      "minf" : 37,
      "iodepth_level" : {
        "1" : 79.999380,
        "2" : 0.100000,
        "4" : 0.154996,
        "8" : 19.765816,