{
  "fio version" : "fio-3.17-97-g8178",
  "timestamp" : 1579993931,
  "timestamp_ms" : 1579993931723,
  "time" : "Sat Jan 25 16:12:11 2020",
  "jobs" : [
    {
      "jobname" : "fixed-rate-submit",
      "groupid" : 0,
      "error" : 0,
      "eta" : 0,
      "elapsed" : 301,
      "job options" : {
        "ioengine" : "io_uring",
        "iodepth" : "16",
        "bs" : "4k",
        "group_reporting" : "1",
        "directory" : "/mnt/ramdisk",
        "size" : "10g",
        "time_based" : "1",
        "ramp_time" : "60",
        "runtime" : "240",
        "clocksource" : "cpu",
        "rw" : "randread",
        "numjobs" : "1",
        "nrfiles" : "1",
        "rate_iops" : "200000",
        "fixedbufs" : "1",
        "registerfiles" : "1",
        "sqthread_poll" : "0"
      },
      "read" : {
        "io_bytes" : 196606779392,
        "io_kbytes" : 191998808,
        "bw_bytes" : 819184674,
        "bw" : 799985,
        "iops" : 199996.254213,
        "runtime" : 240003,
        "total_ios" : 47999701,
        "short_ios" : 0,
        "drop_ios" : 0,
        "slat_ns" : {
          "min" : 1026,
          "max" : 12004673,
          "mean" : 1514.495986,
          "stddev" : 31137.579127
        },
        "clat_ns" : {
          "min" : 99,
          "max" : 12030230,
          "mean" : 7922.955294,
          "stddev" : 15384.998217,
          "percentile" : {
            "1.000000" : 105,
            "5.000000" : 106,
            "10.000000" : 107,
            "20.000000" : 108,
            "30.000000" : 109,
            "40.000000" : 110,
            "50.000000" : 111,
            "60.000000" : 113,
            "70.000000" : 117,
            "80.000000" : 29312,
            "90.000000" : 29312,
            "95.000000" : 29568,
            "99.000000" : 29568,
            "99.500000" : 29824,
            "99.900000" : 29824,
            "99.950000" : 30080,
            "99.990000" : 31360
          }
        },
        "lat_ns" : {
          "min" : 1172,
          "max" : 12034415,
          "mean" : 9476.150422,
          "stddev" : 35436.689866
        },
        "bw_min" : 395667,
        "bw_max" : 800668,
        "bw_agg" : 80.326900,
        "bw_mean" : 642603.152401,
        "bw_dev" : 75155.816287,
        "bw_samples" : 479,
        "iops_min" : 98916,
        "iops_max" : 200167,
        "iops_mean" : 160650.427975,
        "iops_stddev" : 18788.970157,
        "iops_samples" : 479
      },
      "write" : {
        "io_bytes" : 0,
        "io_kbytes" : 0,
        "bw_bytes" : 0,
        "bw" : 0,
        "iops" : 0.000000,
        "runtime" : 0,
        "total_ios" : 0,
        "short_ios" : 0,
        "drop_ios" : 0,
        "slat_ns" : {
          "min" : 0,
          "max" : 0,
          "mean" : 0.000000,
          "stddev" : 0.000000
        },
        "clat_ns" : {
          "min" : 0,
          "max" : 0,
          "mean" : 0.000000,
          "stddev" : 0.000000,
          "percentile" : {
            "1.000000" : 0,
            "5.000000" : 0,
            "10.000000" : 0,
            "20.000000" : 0,
            "30.000000" : 0,
            "40.000000" : 0,
            "50.000000" : 0,
            "60.000000" : 0,
            "70.000000" : 0,
            "80.000000" : 0,
            "90.000000" : 0,
            "95.000000" : 0,
            "99.000000" : 0,
            "99.500000" : 0,
            "99.900000" : 0,
            "99.950000" : 0,
            "99.990000" : 0
          }
        },
        "lat_ns" : {
          "min" : 0,
          "max" : 0,
          "mean" : 0.000000,
          "stddev" : 0.000000
        },
        "bw_min" : 0,
        "bw_max" : 0,
        "bw_agg" : 0.000000,
        "bw_mean" : 0.000000,
        "bw_dev" : 0.000000,
        "bw_samples" : 0,
        "iops_min" : 0,
        "iops_max" : 0,
        "iops_mean" : 0.000000,
        "iops_stddev" : 0.000000,
        "iops_samples" : 0
      },
      "trim" : {
        "io_bytes" : 0,
        "io_kbytes" : 0,
        "bw_bytes" : 0,
        "bw" : 0,
        "iops" : 0.000000,
        "runtime" : 0,
        "total_ios" : 0,
        "short_ios" : 0,
        "drop_ios" : 0,
        "slat_ns" : {
          "min" : 0,
          "max" : 0,
          "mean" : 0.000000,
          "stddev" : 0.000000
        },
        "clat_ns" : {
          "min" : 0,
          "max" : 0,
          "mean" : 0.000000,
          "stddev" : 0.000000,
          "percentile" : {
            "1.000000" : 0,
            "5.000000" : 0,
            "10.000000" : 0,
            "20.000000" : 0,
            "30.000000" : 0,
            "40.000000" : 0,
            "50.000000" : 0,
            "60.000000" : 0,
            "70.000000" : 0,
            "80.000000" : 0,
            "90.000000" : 0,
            "95.000000" : 0,
            "99.000000" : 0,
            "99.500000" : 0,
            "99.900000" : 0,
            "99.950000" : 0,
            "99.990000" : 0
          }
        },
        "lat_ns" : {
          "min" : 0,
          "max" : 0,
          "mean" : 0.000000,
          "stddev" : 0.000000
        },
        "bw_min" : 0,
        "bw_max" : 0,
        "bw_agg" : 0.000000,
        "bw_mean" : 0.000000,
        "bw_dev" : 0.000000,
        "bw_samples" : 0,
        "iops_min" : 0,
        "iops_max" : 0,
        "iops_mean" : 0.000000,
        "iops_stddev" : 0.000000,
        "iops_samples" : 0
      },
      "sync" : {
        "lat_ns" : {
          "min" : 0,
          "max" : 0,
          "mean" : 0.000000,
          "stddev" : 0.000000,
          "percentile" : {
            "1.000000" : 0,
            "5.000000" : 0,
            "10.000000" : 0,
            "20.000000" : 0,
            "30.000000" : 0,
            "40.000000" : 0,
            "50.000000" : 0,
            "60.000000" : 0,
            "70.000000" : 0,
            "80.000000" : 0,
            "90.000000" : 0,
            "95.000000" : 0,
            "99.000000" : 0,
            "99.500000" : 0,
            "99.900000" : 0,
            "99.950000" : 0,
            "99.990000" : 0
          }
        },
        "total_ios" : 0,
        "clat_prio" : {
          "samples" : 47999702,
          "min" : 99,
          "max" : 12030230,
          "mean" : 7922.955294,
          "stddev" : 15384.998217,
          "percentile" : {
            "1.000000" : 105,
            "5.000000" : 106,
            "10.000000" : 107,
            "20.000000" : 108,
            "30.000000" : 109,
            "40.000000" : 110,
            "50.000000" : 111,
            "60.000000" : 113,
            "70.000000" : 117,
            "80.000000" : 29312,
            "90.000000" : 29312,
            "95.000000" : 29568,
            "99.000000" : 29568,
            "99.500000" : 29824,
            "99.900000" : 29824,
            "99.950000" : 30080,
            "99.990000" : 31360,
            "0.00" : 0,
            "0.00" : 0,
            "0.00" : 0
          }
        },
        "clat_low_prio" : {
          "samples" : 0,
          "min" : 0,
          "max" : 0,
          "mean" : 0.000000,
          "stddev" : 0.000000,
          "percentile" : {
            "1.000000" : 0,
            "5.000000" : 0,
            "10.000000" : 0,
            "20.000000" : 0,
            "30.000000" : 0,
            "40.000000" : 0,
            "50.000000" : 0,
            "60.000000" : 0,
            "70.000000" : 0,
            "80.000000" : 0,
            "90.000000" : 0,
            "95.000000" : 0,
            "99.000000" : 0,
            "99.500000" : 0,
            "99.900000" : 0,
            "99.950000" : 0,
            "99.990000" : 0,
            "0.00" : 0,
            "0.00" : 0,
            "0.00" : 0
          }
        }
      },
      "job_runtime" : 240002,
      "usr_cpu" : 67.254023,
      "sys_cpu" : 16.421530,
      "ctx" : 11135,
      "majf" : 0,
      "minf" : 37,
      "iodepth_level" : {
        "1" : 73.196677,
        "2" : 0.100000,
        "4" : 0.100000,
        "8" : 0.155659,