{
  "fio version" : "fio-3.17-97-g8178",
  "timestamp" : 1579995437,
  "timestamp_ms" : 1579995437500,
  "time" : "Sat Jan 25 16:37:17 2020",
  "jobs" : [
    {
      "jobname" : "fixed-rate-submit",
      "groupid" : 0,
      "error" : 0,
      "eta" : 0,
      "elapsed" : 301,
      "job options" : {
        "ioengine" : "io_uring",
        "iodepth" : "16",
        "bs" : "4k",
        "group_reporting" : "1",
        "directory" : "/mnt/ramdisk",
        "size" : "10g",
        "time_based" : "1",
        "ramp_time" : "60",
        "runtime" : "240",
        "clocksource" : "cpu",
        "rw" : "randread",
        "numjobs" : "1",
        "nrfiles" : "1",
        "rate_iops" : "700000",
        "fixedbufs" : "1",
        "registerfiles" : "1",
        "sqthread_poll" : "0"
      },
      "read" : {
        "io_bytes" : 422378659840,
        "io_kbytes" : 412479160,
        "bw_bytes" : 1759903749,
        "bw" : 1718656,
        "iops" : 429663.934734,
        "runtime" : 240001,
        "total_ios" : 103119774,
        "short_ios" : 0,
        "drop_ios" : 0,
        "slat_ns" : {
          "min" : 1030,
          "max" : 12004694,
          "mean" : 1561.418108,
          "stddev" : 33632.516830
        },
        "clat_ns" : {
          "min" : 542,
          "max" : 12040096,
          "mean" : 34977.208625,
          "stddev" : 158412.998787,
          "percentile" : {
            "1.000000" : 29056,
            "5.000000" : 29056,
            "10.000000" : 29056,
            "20.000000" : 29312,
            "30.000000" : 29312,
            "40.000000" : 29312,
            "50.000000" : 29312,
            "60.000000" : 29312,
            "70.000000" : 29568,
            "80.000000" : 29568,
            "90.000000" : 29568,
            "95.000000" : 29824,
            "99.000000" : 30336,
            "99.500000" : 31616,
            "99.900000" : 4046848,
            "99.950000" : 4046848,
            "99.990000" : 4046848
          }
        },
        "lat_ns" : {
          "min" : 2148,
          "max" : 12041491,
          "mean" : 36577.819299,
          "stddev" : 162051.605376
        },
        "bw_min" : 853587,
        "bw_max" : 1821367,
        "bw_agg" : 81.089337,
        "bw_mean" : 1393646.755741,
        "bw_dev" : 181325.791012,
        "bw_samples" : 479,
        "iops_min" : 213396,
        "iops_max" : 455341,
        "iops_mean" : 348411.350731,
        "iops_stddev" : 45331.457205,
        "iops_samples" : 479
      },
      "write" : {
        "io_bytes" : 0,
        "io_kbytes" : 0,
        "bw_bytes" : 0,
        "bw" : 0,
        "iops" : 0.000000,
        "runtime" : 0,
        "total_ios" : 0,
        "short_ios" : 0,
        "drop_ios" : 0,
        "slat_ns" : {
          "min" : 0,
          "max" : 0,
          "mean" : 0.000000,
          "stddev" : 0.000000
        },
        "clat_ns" : {
          "min" : 0,
          "max" : 0,
          "mean" : 0.000000,
          "stddev" : 0.000000,
          "percentile" : {
            "1.000000" : 0,
            "5.000000" : 0,
            "10.000000" : 0,
            "20.000000" : 0,
            "30.000000" : 0,
            "40.000000" : 0,
            "50.000000" : 0,
            "60.000000" : 0,
            "70.000000" : 0,
            "80.000000" : 0,
            "90.000000" : 0,
            "95.000000" : 0,
            "99.000000" : 0,
            "99.500000" : 0,
            "99.900000" : 0,
            "99.950000" : 0,
            "99.990000" : 0
          }
        },
        "lat_ns" : {
          "min" : 0,
          "max" : 0,
          "mean" : 0.000000,
          "stddev" : 0.000000
        },
        "bw_min" : 0,
        "bw_max" : 0,
        "bw_agg" : 0.000000,
        "bw_mean" : 0.000000,
        "bw_dev" : 0.000000,
        "bw_samples" : 0,
        "iops_min" : 0,
        "iops_max" : 0,
        "iops_mean" : 0.000000,
        "iops_stddev" : 0.000000,
        "iops_samples" : 0
      },
      "trim" : {
        "io_bytes" : 0,
        "io_kbytes" : 0,
        "bw_bytes" : 0,
        "bw" : 0,
        "iops" : 0.000000,
        "runtime" : 0,
        "total_ios" : 0,
        "short_ios" : 0,
        "drop_ios" : 0,
        "slat_ns" : {
          "min" : 0,
          "max" : 0,
          "mean" : 0.000000,
          "stddev" : 0.000000
        },
        "clat_ns" : {
          "min" : 0,
          "max" : 0,
          "mean" : 0.000000,
          "stddev" : 0.000000,
          "percentile" : {
            "1.000000" : 0,
            "5.000000" : 0,
            "10.000000" : 0,
            "20.000000" : 0,
            "30.000000" : 0,
            "40.000000" : 0,
            "50.000000" : 0,
            "60.000000" : 0,
            "70.000000" : 0,
            "80.000000" : 0,
            "90.000000" : 0,
            "95.000000" : 0,
            "99.000000" : 0,
            "99.500000" : 0,
            "99.900000" : 0,
            "99.950000" : 0,
            "99.990000" : 0
          }
        },
        "lat_ns" : {
          "min" : 0,
          "max" : 0,
          "mean" : 0.000000,
          "stddev" : 0.000000
        },
        "bw_min" : 0,
        "bw_max" : 0,
        "bw_agg" : 0.000000,
        "bw_mean" : 0.000000,
        "bw_dev" : 0.000000,
        "bw_samples" : 0,
        "iops_min" : 0,
        "iops_max" : 0,
        "iops_mean" : 0.000000,
        "iops_stddev" : 0.000000,
        "iops_samples" : 0
      },
      "sync" : {
        "lat_ns" : {
          "min" : 0,
          "max" : 0,
          "mean" : 0.000000,
          "stddev" : 0.000000,
          "percentile" : {
            "1.000000" : 0,
            "5.000000" : 0,
            "10.000000" : 0,
            "20.000000" : 0,
            "30.000000" : 0,
            "40.000000" : 0,
            "50.000000" : 0,
            "60.000000" : 0,
            "70.000000" : 0,
            "80.000000" : 0,
            "90.000000" : 0,
            "95.000000" : 0,
            "99.000000" : 0,
            "99.500000" : 0,
            "99.900000" : 0,
            "99.950000" : 0,
            "99.990000" : 0
          }
        },
        "total_ios" : 0,
        "clat_prio" : {
          "samples" : 103119789,
          "min" : 542,
          "max" : 12040096,
          "mean" : 34977.208625,
          "stddev" : 158412.998787,
          "percentile" : {
            "1.000000" : 29056,
            "5.000000" : 29056,
            "10.000000" : 29056,
            "20.000000" : 29312,
            "30.000000" : 29312,
            "40.000000" : 29312,
            "50.000000" : 29312,
            "60.000000" : 29312,
            "70.000000" : 29568,
            "80.000000" : 29568,
            "90.000000" : 29568,
            "95.000000" : 29824,
            "99.000000" : 30336,
            "99.500000" : 31616,
            "99.900000" : 4046848,
            "99.950000" : 4046848,
            "99.990000" : 4046848,
            "0.00" : 0,
            "0.00" : 0,
            "0.00" : 0
          }
        },
        "clat_low_prio" : {
          "samples" : 0,
          "min" : 0,
          "max" : 0,
          "mean" : 0.000000,
          "stddev" : 0.000000,
          "percentile" : {
            "1.000000" : 0,
            "5.000000" : 0,
            "10.000000" : 0,
            "20.000000" : 0,
            "30.000000" : 0,
            "40.000000" : 0,
            "50.000000" : 0,
            "60.000000" : 0,
            "70.000000" : 0,
            "80.000000" : 0,
            "90.000000" : 0,
            "95.000000" : 0,
            "99.000000" : 0,
            "99.500000" : 0,
            "99.900000" : 0,
            "99.950000" : 0,
            "99.990000" : 0,
            "0.00" : 0,
            "0.00" : 0,
            "0.00" : 0
          }
        }
      },
      "job_runtime" : 240000,
      "usr_cpu" : 41.535417,
      "sys_cpu" : 42.532083,
      "ctx" : 11008,
      "majf" : 0,
      "minf" : 38,
      "iodepth_level" : {
        "1" : 0.000000,