{
  "fio version" : "fio-3.17-97-g8178",
  "timestamp" : 1579990016,
  "timestamp_ms" : 1579990016657,
  "time" : "Sat Jan 25 15:06:56 2020",
  "jobs" : [
    {
      "jobname" : "fixed-rate-submit",
      "groupid" : 0,
      "error" : 0,
      "eta" : 0,
      "elapsed" : 301,
      "job options" : {
        "ioengine" : "io_uring",
        "iodepth" : "4",
        "bs" : "4k",
        "group_reporting" : "1",
        "directory" : "/mnt/ramdisk",
        "size" : "10g",
        "time_based" : "1",
        "ramp_time" : "60",
        "runtime" : "240",
        "clocksource" : "cpu",
        "rw" : "randread",
        "numjobs" : "1",
        "nrfiles" : "1",
        "rate_iops" : "300000",
        "fixedbufs" : "1",
        "registerfiles" : "1",
        "sqthread_poll" : "0"
      },
      "read" : {
        "io_bytes" : 294908219392,
        "io_kbytes" : 287996308,
        "bw_bytes" : 1228779127,
        "bw" : 1199979,
        "iops" : 299994.900021,
        "runtime" : 240001,
        "total_ios" : 71999076,
        "short_ios" : 0,
        "drop_ios" : 0,
        "slat_ns" : {
          "min" : 1023,
          "max" : 12003833,
          "mean" : 1500.078591,
          "stddev" : 31795.120962
        },
        "clat_ns" : {
          "min" : 98,
          "max" : 12008813,
          "mean" : 2500.297841,
          "stddev" : 29424.615067,
          "percentile" : {
            "1.000000" : 105,
            "5.000000" : 107,
            "10.000000" : 108,
            "20.000000" : 109,
            "30.000000" : 111,
            "40.000000" : 112,
            "50.000000" : 114,
            "60.000000" : 223,
            "70.000000" : 5792,
            "80.000000" : 5920,
            "90.000000" : 5984,
            "95.000000" : 6048,
            "99.000000" : 6176,
            "99.500000" : 6240,
            "99.900000" : 6368,
            "99.950000" : 6496,
            "99.990000" : 8384
          }
        },
        "lat_ns" : {
          "min" : 1158,
          "max" : 12020131,
          "mean" : 4037.311382,
          "stddev" : 43812.490554
        },
        "bw_min" : 589291,
        "bw_max" : 1201365,
        "bw_agg" : 82.132442,
        "bw_mean" : 985572.060543,
        "bw_dev" : 122571.646804,
        "bw_samples" : 479,
        "iops_min" : 147322,
        "iops_max" : 300341,
        "iops_mean" : 246392.668058,
        "iops_stddev" : 30642.941295,
        "iops_samples" : 479
      },
      "write" : {
        "io_bytes" : 0,
        "io_kbytes" : 0,
        "bw_bytes" : 0,
        "bw" : 0,
        "iops" : 0.000000,
        "runtime" : 0,
        "total_ios" : 0,
        "short_ios" : 0,
        "drop_ios" : 0,
        "slat_ns" : {
          "min" : 0,
          "max" : 0,
          "mean" : 0.000000,
          "stddev" : 0.000000
        },
        "clat_ns" : {
          "min" : 0,
          "max" : 0,
          "mean" : 0.000000,
          "stddev" : 0.000000,
          "percentile" : {
            "1.000000" : 0,
            "5.000000" : 0,
            "10.000000" : 0,
            "20.000000" : 0,
            "30.000000" : 0,
            "40.000000" : 0,
            "50.000000" : 0,
            "60.000000" : 0,
            "70.000000" : 0,
            "80.000000" : 0,
            "90.000000" : 0,
            "95.000000" : 0,
            "99.000000" : 0,
            "99.500000" : 0,
            "99.900000" : 0,
            "99.950000" : 0,
            "99.990000" : 0
          }
        },
        "lat_ns" : {
          "min" : 0,
          "max" : 0,
          "mean" : 0.000000,
          "stddev" : 0.000000
        },
        "bw_min" : 0,
        "bw_max" : 0,
        "bw_agg" : 0.000000,
        "bw_mean" : 0.000000,
        "bw_dev" : 0.000000,
        "bw_samples" : 0,
        "iops_min" : 0,
        "iops_max" : 0,
        "iops_mean" : 0.000000,
        "iops_stddev" : 0.000000,
        "iops_samples" : 0
      },
      "trim" : {
        "io_bytes" : 0,
        "io_kbytes" : 0,
        "bw_bytes" : 0,
        "bw" : 0,
        "iops" : 0.000000,
        "runtime" : 0,
        "total_ios" : 0,
        "short_ios" : 0,
        "drop_ios" : 0,
        "slat_ns" : {
          "min" : 0,
          "max" : 0,
          "mean" : 0.000000,
          "stddev" : 0.000000
        },
        "clat_ns" : {
          "min" : 0,
          "max" : 0,
          "mean" : 0.000000,
          "stddev" : 0.000000,
          "percentile" : {
            "1.000000" : 0,
            "5.000000" : 0,
            "10.000000" : 0,
            "20.000000" : 0,
            "30.000000" : 0,
            "40.000000" : 0,
            "50.000000" : 0,
            "60.000000" : 0,
            "70.000000" : 0,
            "80.000000" : 0,
            "90.000000" : 0,
            "95.000000" : 0,
            "99.000000" : 0,
            "99.500000" : 0,
            "99.900000" : 0,
            "99.950000" : 0,
            "99.990000" : 0
          }
        },
        "lat_ns" : {
          "min" : 0,
          "max" : 0,
          "mean" : 0.000000,
          "stddev" : 0.000000
        },
        "bw_min" : 0,
        "bw_max" : 0,
        "bw_agg" : 0.000000,
        "bw_mean" : 0.000000,
        "bw_dev" : 0.000000,
        "bw_samples" : 0,
        "iops_min" : 0,
        "iops_max" : 0,
        "iops_mean" : 0.000000,
        "iops_stddev" : 0.000000,
        "iops_samples" : 0
      },
      "sync" : {
        "lat_ns" : {
          "min" : 0,
          "max" : 0,
          "mean" : 0.000000,
          "stddev" : 0.000000,
          "percentile" : {
            "1.000000" : 0,
            "5.000000" : 0,
            "10.000000" : 0,
            "20.000000" : 0,
            "30.000000" : 0,
            "40.000000" : 0,
            "50.000000" : 0,
            "60.000000" : 0,
            "70.000000" : 0,
            "80.000000" : 0,
            "90.000000" : 0,
            "95.000000" : 0,
            "99.000000" : 0,
            "99.500000" : 0,
            "99.900000" : 0,
            "99.950000" : 0,
            "99.990000" : 0
          }
        },
        "total_ios" : 0,
        "clat_prio" : {
          "samples" : 71999077,
          "min" : 98,
          "max" : 12008813,
          "mean" : 2500.297841,
          "stddev" : 29424.615067,
          "percentile" : {
            "1.000000" : 105,
            "5.000000" : 107,
            "10.000000" : 108,
            "20.000000" : 109,
            "30.000000" : 111,
            "40.000000" : 112,
            "50.000000" : 114,
            "60.000000" : 223,
            "70.000000" : 5792,
            "80.000000" : 5920,
            "90.000000" : 5984,
            "95.000000" : 6048,
            "99.000000" : 6176,
            "99.500000" : 6240,
            "99.900000" : 6368,
            "99.950000" : 6496,
            "99.990000" : 8384,
            "0.00" : 0,
            "0.00" : 0,
            "0.00" : 0
          }
        },
        "clat_low_prio" : {
          "samples" : 0,
          "min" : 0,
          "max" : 0,
          "mean" : 0.000000,
          "stddev" : 0.000000,
          "percentile" : {
            "1.000000" : 0,
            "5.000000" : 0,
            "10.000000" : 0,
            "20.000000" : 0,
            "30.000000" : 0,
            "40.000000" : 0,
            "50.000000" : 0,
            "60.000000" : 0,
            "70.000000" : 0,
            "80.000000" : 0,
            "90.000000" : 0,
            "95.000000" : 0,
            "99.000000" : 0,
            "99.500000" : 0,
            "99.900000" : 0,
            "99.950000" : 0,
            "99.990000" : 0,
            "0.00" : 0,
            "0.00" : 0,
            "0.00" : 0
          }
        }
      },
      "job_runtime" : 240000,
      "usr_cpu" : 56.151667,
      "sys_cpu" : 27.621667,
      "ctx" : 11110,
      "majf" : 0,
      "minf" : 37,
      "iodepth_level" : {
        "1" : 60.091775,
        "2" : 0.754465,
        "4" : 39.153759,
        "8" : 0.000000,