{
  "fio version" : "fio-3.17-97-g8178",
  "timestamp" : 1579990317,
  "timestamp_ms" : 1579990317905,
  "time" : "Sat Jan 25 15:11:57 2020",
  "jobs" : [
    {
      "jobname" : "fixed-rate-submit",
      "groupid" : 0,
      "error" : 0,
      "eta" : 0,
      "elapsed" : 301,
      "job options" : {
        "ioengine" : "io_uring",
        "iodepth" : "4",
        "bs" : "4k",
        "group_reporting" : "1",
        "directory" : "/mnt/ramdisk",
        "size" : "10g",
        "time_based" : "1",
        "ramp_time" : "60",
        "runtime" : "240",
        "clocksource" : "cpu",
        "rw" : "randread",
        "numjobs" : "1",
        "nrfiles" : "1",
        "rate_iops" : "400000",
        "fixedbufs" : "1",
        "registerfiles" : "1",
        "sqthread_poll" : "0"
      },
      "read" : {
        "io_bytes" : 393212063744,
        "io_kbytes" : 383996156,
        "bw_bytes" : 1638376772,
        "bw" : 1599977,
        "iops" : 399994.312524,
        "runtime" : 240001,
        "total_ios" : 95999035,
        "short_ios" : 0,
        "drop_ios" : 0,
        "slat_ns" : {
          "min" : 1015,
          "max" : 12075265,
          "mean" : 1506.879704,
          "stddev" : 30727.511735
        },
        "clat_ns" : {
          "min" : 98,
          "max" : 12083805,
          "mean" : 4828.352025,
          "stddev" : 37724.409118,
          "percentile" : {
            "1.000000" : 203,
            "5.000000" : 207,
            "10.000000" : 213,
            "20.000000" : 1896,
            "30.000000" : 5600,
            "40.000000" : 5664,
            "50.000000" : 5792,
            "60.000000" : 5920,
            "70.000000" : 5984,
            "80.000000" : 5984,
            "90.000000" : 6048,
            "95.000000" : 6112,
            "99.000000" : 6176,
            "99.500000" : 6240,
            "99.900000" : 7328,
            "99.950000" : 8032,
            "99.990000" : 12608
          }
        },
        "lat_ns" : {
          "min" : 1157,
          "max" : 12085192,
          "mean" : 6370.051009,
          "stddev" : 48963.064567
        },
        "bw_min" : 779155,
        "bw_max" : 1676751,
        "bw_agg" : 79.877670,
        "bw_mean" : 1278024.344468,
        "bw_dev" : 152658.610819,
        "bw_samples" : 479,
        "iops_min" : 194788,
        "iops_max" : 419187,
        "iops_mean" : 319505.736952,
        "iops_stddev" : 38164.659749,
        "iops_samples" : 479
      },
      "write" : {
        "io_bytes" : 0,
        "io_kbytes" : 0,
        "bw_bytes" : 0,
        "bw" : 0,
        "iops" : 0.000000,
        "runtime" : 0,
        "total_ios" : 0,
        "short_ios" : 0,
        "drop_ios" : 0,
        "slat_ns" : {
          "min" : 0,
          "max" : 0,
          "mean" : 0.000000,
          "stddev" : 0.000000
        },
        "clat_ns" : {
          "min" : 0,
          "max" : 0,
          "mean" : 0.000000,
          "stddev" : 0.000000,
          "percentile" : {
            "1.000000" : 0,
            "5.000000" : 0,
            "10.000000" : 0,
            "20.000000" : 0,
            "30.000000" : 0,
            "40.000000" : 0,
            "50.000000" : 0,
            "60.000000" : 0,
            "70.000000" : 0,
            "80.000000" : 0,
            "90.000000" : 0,
            "95.000000" : 0,
            "99.000000" : 0,
            "99.500000" : 0,
            "99.900000" : 0,
            "99.950000" : 0,
            "99.990000" : 0
          }
        },
        "lat_ns" : {
          "min" : 0,
          "max" : 0,
          "mean" : 0.000000,
          "stddev" : 0.000000
        },
        "bw_min" : 0,
        "bw_max" : 0,
        "bw_agg" : 0.000000,
        "bw_mean" : 0.000000,
        "bw_dev" : 0.000000,
        "bw_samples" : 0,
        "iops_min" : 0,
        "iops_max" : 0,
        "iops_mean" : 0.000000,
        "iops_stddev" : 0.000000,
        "iops_samples" : 0
      },
      "trim" : {
        "io_bytes" : 0,
        "io_kbytes" : 0,
        "bw_bytes" : 0,
        "bw" : 0,
        "iops" : 0.000000,
        "runtime" : 0,
        "total_ios" : 0,
        "short_ios" : 0,
        "drop_ios" : 0,
        "slat_ns" : {
          "min" : 0,
          "max" : 0,
          "mean" : 0.000000,
          "stddev" : 0.000000
        },
        "clat_ns" : {
          "min" : 0,
          "max" : 0,
          "mean" : 0.000000,
          "stddev" : 0.000000,
          "percentile" : {
            "1.000000" : 0,
            "5.000000" : 0,
            "10.000000" : 0,
            "20.000000" : 0,
            "30.000000" : 0,
            "40.000000" : 0,
            "50.000000" : 0,
            "60.000000" : 0,
            "70.000000" : 0,
            "80.000000" : 0,
            "90.000000" : 0,
            "95.000000" : 0,
            "99.000000" : 0,
            "99.500000" : 0,
            "99.900000" : 0,
            "99.950000" : 0,
            "99.990000" : 0
          }
        },
        "lat_ns" : {
          "min" : 0,
          "max" : 0,
          "mean" : 0.000000,
          "stddev" : 0.000000
        },
        "bw_min" : 0,
        "bw_max" : 0,
        "bw_agg" : 0.000000,
        "bw_mean" : 0.000000,
        "bw_dev" : 0.000000,
        "bw_samples" : 0,
        "iops_min" : 0,
        "iops_max" : 0,
        "iops_mean" : 0.000000,
        "iops_stddev" : 0.000000,
        "iops_samples" : 0
      },
      "sync" : {
        "lat_ns" : {
          "min" : 0,
          "max" : 0,
          "mean" : 0.000000,
          "stddev" : 0.000000,
          "percentile" : {
            "1.000000" : 0,
            "5.000000" : 0,
            "10.000000" : 0,
            "20.000000" : 0,
            "30.000000" : 0,
            "40.000000" : 0,
            "50.000000" : 0,
            "60.000000" : 0,
            "70.000000" : 0,
            "80.000000" : 0,
            "90.000000" : 0,
            "95.000000" : 0,
            "99.000000" : 0,
            "99.500000" : 0,
            "99.900000" : 0,
            "99.950000" : 0,
            "99.990000" : 0
          }
        },
        "total_ios" : 0,
        "clat_prio" : {
          "samples" : 95999038,
          "min" : 98,
          "max" : 12083805,
          "mean" : 4828.352025,
          "stddev" : 37724.409118,
          "percentile" : {
            "1.000000" : 203,
            "5.000000" : 207,
            "10.000000" : 213,
            "20.000000" : 1896,
            "30.000000" : 5600,
            "40.000000" : 5664,
            "50.000000" : 5792,
            "60.000000" : 5920,
            "70.000000" : 5984,
            "80.000000" : 5984,
            "90.000000" : 6048,
            "95.000000" : 6112,
            "99.000000" : 6176,
            "99.500000" : 6240,
            "99.900000" : 7328,
            "99.950000" : 8032,
            "99.990000" : 12608,
            "0.00" : 0,
            "0.00" : 0,
            "0.00" : 0
          }
        },
        "clat_low_prio" : {
          "samples" : 0,
          "min" : 0,
          "max" : 0,
          "mean" : 0.000000,
          "stddev" : 0.000000,
          "percentile" : {
            "1.000000" : 0,
            "5.000000" : 0,
            "10.000000" : 0,
            "20.000000" : 0,
            "30.000000" : 0,
            "40.000000" : 0,
            "50.000000" : 0,
            "60.000000" : 0,
            "70.000000" : 0,
            "80.000000" : 0,
            "90.000000" : 0,
            "95.000000" : 0,
            "99.000000" : 0,
            "99.500000" : 0,
            "99.900000" : 0,
            "99.950000" : 0,
            "99.990000" : 0,
            "0.00" : 0,
            "0.00" : 0,
            "0.00" : 0
          }
        }
      },
      "job_runtime" : 240000,
      "usr_cpu" : 45.755000,
      "sys_cpu" : 38.048333,
      "ctx" : 11159,
      "majf" : 0,
      "minf" : 37,
      "iodepth_level" : {
        "1" : 13.803142,
        "2" : 13.695316,
        "4" : 72.501542,
        "8" : 0.000000,