{
  "fio version" : "fio-3.17-97-g8178",
  "timestamp" : 1579994232,
  "timestamp_ms" : 1579994232999,
  "time" : "Sat Jan 25 16:17:12 2020",
  "jobs" : [
    {
      "jobname" : "fixed-rate-submit",
      "groupid" : 0,
      "error" : 0,
      "eta" : 0,
      "elapsed" : 301,
      "job options" : {
        "ioengine" : "io_uring",
        "iodepth" : "16",
        "bs" : "4k",
        "group_reporting" : "1",
        "directory" : "/mnt/ramdisk",
        "size" : "10g",
        "time_based" : "1",
        "ramp_time" : "60",
        "runtime" : "240",
        "clocksource" : "cpu",
        "rw" : "randread",
        "numjobs" : "1",
        "nrfiles" : "1",
        "rate_iops" : "300000",
        "fixedbufs" : "1",
        "registerfiles" : "1",
        "sqthread_poll" : "0"
      },
      "read" : {
        "io_bytes" : 294907850752,
        "io_kbytes" : 287995948,
        "bw_bytes" : 1228777591,
        "bw" : 1199978,
        "iops" : 299994.525023,
        "runtime" : 240001,
        "total_ios" : 71998986,
        "short_ios" : 0,
        "drop_ios" : 0,
        "slat_ns" : {
          "min" : 1040,
          "max" : 16004819,
          "mean" : 1558.030411,
          "stddev" : 33470.295901
        },
        "clat_ns" : {
          "min" : 95,
          "max" : 16032261,
          "mean" : 13595.762716,
          "stddev" : 79305.629355,
          "percentile" : {
            "1.000000" : 100,
            "5.000000" : 101,
            "10.000000" : 102,
            "20.000000" : 103,
            "30.000000" : 105,
            "40.000000" : 107,
            "50.000000" : 112,
            "60.000000" : 29824,
            "70.000000" : 30080,
            "80.000000" : 30336,
            "90.000000" : 30592,
            "95.000000" : 30848,
            "99.000000" : 31104,
            "99.500000" : 31104,
            "99.900000" : 33024,
            "99.950000" : 33024,
            "99.990000" : 48896
          }
        },
        "lat_ns" : {
          "min" : 1188,
          "max" : 16035353,
          "mean" : 15198.638365,
          "stddev" : 86396.045034
        },
        "bw_min" : 595144,
        "bw_max" : 1204319,
        "bw_agg" : 81.824808,
        "bw_mean" : 981879.699374,
        "bw_dev" : 122061.394526,
        "bw_samples" : 479,
        "iops_min" : 148786,
        "iops_max" : 301079,
        "iops_mean" : 245469.580376,
        "iops_stddev" : 30515.312941,
        "iops_samples" : 479
      },
      "write" : {
        "io_bytes" : 0,
        "io_kbytes" : 0,
        "bw_bytes" : 0,
        "bw" : 0,
        "iops" : 0.000000,
        "runtime" : 0,
        "total_ios" : 0,
        "short_ios" : 0,
        "drop_ios" : 0,
        "slat_ns" : {
          "min" : 0,
          "max" : 0,
          "mean" : 0.000000,
          "stddev" : 0.000000
        },
        "clat_ns" : {
          "min" : 0,
          "max" : 0,
          "mean" : 0.000000,
          "stddev" : 0.000000,
          "percentile" : {
            "1.000000" : 0,
            "5.000000" : 0,
            "10.000000" : 0,
            "20.000000" : 0,
            "30.000000" : 0,
            "40.000000" : 0,
            "50.000000" : 0,
            "60.000000" : 0,
            "70.000000" : 0,
            "80.000000" : 0,
            "90.000000" : 0,
            "95.000000" : 0,
            "99.000000" : 0,
            "99.500000" : 0,
            "99.900000" : 0,
            "99.950000" : 0,
            "99.990000" : 0
          }
        },
        "lat_ns" : {
          "min" : 0,
          "max" : 0,
          "mean" : 0.000000,
          "stddev" : 0.000000
        },
        "bw_min" : 0,
        "bw_max" : 0,
        "bw_agg" : 0.000000,
        "bw_mean" : 0.000000,
        "bw_dev" : 0.000000,
        "bw_samples" : 0,
        "iops_min" : 0,
        "iops_max" : 0,
        "iops_mean" : 0.000000,
        "iops_stddev" : 0.000000,
        "iops_samples" : 0
      },
      "trim" : {
        "io_bytes" : 0,
        "io_kbytes" : 0,
        "bw_bytes" : 0,
        "bw" : 0,
        "iops" : 0.000000,
        "runtime" : 0,
        "total_ios" : 0,
        "short_ios" : 0,
        "drop_ios" : 0,
        "slat_ns" : {
          "min" : 0,
          "max" : 0,
          "mean" : 0.000000,
          "stddev" : 0.000000
        },
        "clat_ns" : {
          "min" : 0,
          "max" : 0,
          "mean" : 0.000000,
          "stddev" : 0.000000,
          "percentile" : {
            "1.000000" : 0,
            "5.000000" : 0,
            "10.000000" : 0,
            "20.000000" : 0,
            "30.000000" : 0,
            "40.000000" : 0,
            "50.000000" : 0,
            "60.000000" : 0,
            "70.000000" : 0,
            "80.000000" : 0,
            "90.000000" : 0,
            "95.000000" : 0,
            "99.000000" : 0,
            "99.500000" : 0,
            "99.900000" : 0,
            "99.950000" : 0,
            "99.990000" : 0
          }
        },
        "lat_ns" : {
          "min" : 0,
          "max" : 0,
          "mean" : 0.000000,
          "stddev" : 0.000000
        },
        "bw_min" : 0,
        "bw_max" : 0,
        "bw_agg" : 0.000000,
        "bw_mean" : 0.000000,
        "bw_dev" : 0.000000,
        "bw_samples" : 0,
        "iops_min" : 0,
        "iops_max" : 0,
        "iops_mean" : 0.000000,
        "iops_stddev" : 0.000000,
        "iops_samples" : 0
      },
      "sync" : {
        "lat_ns" : {
          "min" : 0,
          "max" : 0,
          "mean" : 0.000000,
          "stddev" : 0.000000,
          "percentile" : {
            "1.000000" : 0,
            "5.000000" : 0,
            "10.000000" : 0,
            "20.000000" : 0,
            "30.000000" : 0,
            "40.000000" : 0,
            "50.000000" : 0,
            "60.000000" : 0,
            "70.000000" : 0,
            "80.000000" : 0,
            "90.000000" : 0,
            "95.000000" : 0,
            "99.000000" : 0,
            "99.500000" : 0,
            "99.900000" : 0,
            "99.950000" : 0,
            "99.990000" : 0
          }
        },
        "total_ios" : 0,
        "clat_prio" : {
          "samples" : 71998987,
          "min" : 95,
          "max" : 16032261,
          "mean" : 13595.762716,
          "stddev" : 79305.629355,
          "percentile" : {
            "1.000000" : 100,
            "5.000000" : 101,
            "10.000000" : 102,
            "20.000000" : 103,
            "30.000000" : 105,
            "40.000000" : 107,
            "50.000000" : 112,
            "60.000000" : 29824,
            "70.000000" : 30080,
            "80.000000" : 30336,
            "90.000000" : 30592,
            "95.000000" : 30848,
            "99.000000" : 31104,
            "99.500000" : 31104,
            "99.900000" : 33024,
            "99.950000" : 33024,
            "99.990000" : 48896,
            "0.00" : 0,
            "0.00" : 0,
            "0.00" : 0
          }
        },
        "clat_low_prio" : {
          "samples" : 0,
          "min" : 0,
          "max" : 0,
          "mean" : 0.000000,
          "stddev" : 0.000000,
          "percentile" : {
            "1.000000" : 0,
            "5.000000" : 0,
            "10.000000" : 0,
            "20.000000" : 0,
            "30.000000" : 0,
            "40.000000" : 0,
            "50.000000" : 0,
            "60.000000" : 0,
            "70.000000" : 0,
            "80.000000" : 0,
            "90.000000" : 0,
            "95.000000" : 0,
            "99.000000" : 0,
            "99.500000" : 0,
            "99.900000" : 0,
            "99.950000" : 0,
            "99.990000" : 0,
            "0.00" : 0,
            "0.00" : 0,
            "0.00" : 0
          }
        }
      },
      "job_runtime" : 240000,
      "usr_cpu" : 54.930000,
      "sys_cpu" : 28.458750,
      "ctx" : 11177,
      "majf" : 0,
      "minf" : 37,
      "iodepth_level" : {
        "1" : 54.535550,
        "2" : 3.323238,
        "4" : 0.100000,