{
  "fio version" : "fio-3.17-97-g8178",
  "timestamp" : 1579992425,
  "timestamp_ms" : 1579992425840,
  "time" : "Sat Jan 25 15:47:05 2020",
  "jobs" : [
    {
      "jobname" : "fixed-rate-submit",
      "groupid" : 0,
      "error" : 0,
      "eta" : 0,
      "elapsed" : 301,
      "job options" : {
        "ioengine" : "io_uring",
        "iodepth" : "8",
        "bs" : "4k",
        "group_reporting" : "1",
        "directory" : "/mnt/ramdisk",
        "size" : "10g",
        "time_based" : "1",
        "ramp_time" : "60",
        "runtime" : "240",
        "clocksource" : "cpu",
        "rw" : "randread",
        "numjobs" : "1",
        "nrfiles" : "1",
        "rate_iops" : "400000",
        "fixedbufs" : "1",
        "registerfiles" : "1",
        "sqthread_poll" : "0"
      },
      "read" : {
        "io_bytes" : 393216008192,
        "io_kbytes" : 384000008,
        "bw_bytes" : 1638393207,
        "bw" : 1599993,
        "iops" : 399998.337507,
        "runtime" : 240001,
        "total_ios" : 96000001,
        "short_ios" : 0,
        "drop_ios" : 0,
        "slat_ns" : {
          "min" : 1016,
          "max" : 12004434,
          "mean" : 1507.207249,
          "stddev" : 30649.863674
        },
        "clat_ns" : {
          "min" : 98,
          "max" : 12022548,
          "mean" : 10723.823111,
          "stddev" : 49554.545216,
          "percentile" : {
            "1.000000" : 201,
            "5.000000" : 205,
            "10.000000" : 207,
            "20.000000" : 1896,
            "30.000000" : 13120,
            "40.000000" : 13504,
            "50.000000" : 13632,
            "60.000000" : 13760,
            "70.000000" : 13760,
            "80.000000" : 13760,
            "90.000000" : 13888,
            "95.000000" : 13888,
            "99.000000" : 14016,
            "99.500000" : 14144,
            "99.900000" : 15808,
            "99.950000" : 16064,
            "99.990000" : 28288
          }
        },
        "lat_ns" : {
          "min" : 1162,
          "max" : 12023917,
          "mean" : 12268.436407,
          "stddev" : 58543.008939
        },
        "bw_min" : 790680,
        "bw_max" : 1606826,
        "bw_agg" : 81.249236,
        "bw_mean" : 1299982.091858,
        "bw_dev" : 163202.442821,
        "bw_samples" : 479,
        "iops_min" : 197670,
        "iops_max" : 401706,
        "iops_mean" : 324995.189979,
        "iops_stddev" : 40800.631166,
        "iops_samples" : 479
      },
      "write" : {
        "io_bytes" : 0,
        "io_kbytes" : 0,
        "bw_bytes" : 0,
        "bw" : 0,
        "iops" : 0.000000,
        "runtime" : 0,
        "total_ios" : 0,
        "short_ios" : 0,
        "drop_ios" : 0,
        "slat_ns" : {
          "min" : 0,
          "max" : 0,
          "mean" : 0.000000,
          "stddev" : 0.000000
        },
        "clat_ns" : {
          "min" : 0,
          "max" : 0,
          "mean" : 0.000000,
          "stddev" : 0.000000,
          "percentile" : {
            "1.000000" : 0,
            "5.000000" : 0,
            "10.000000" : 0,
            "20.000000" : 0,
            "30.000000" : 0,
            "40.000000" : 0,
            "50.000000" : 0,
            "60.000000" : 0,
            "70.000000" : 0,
            "80.000000" : 0,
            "90.000000" : 0,
            "95.000000" : 0,
            "99.000000" : 0,
            "99.500000" : 0,
            "99.900000" : 0,
            "99.950000" : 0,
            "99.990000" : 0
          }
        },
        "lat_ns" : {
          "min" : 0,
          "max" : 0,
          "mean" : 0.000000,
          "stddev" : 0.000000
        },
        "bw_min" : 0,
        "bw_max" : 0,
        "bw_agg" : 0.000000,
        "bw_mean" : 0.000000,
        "bw_dev" : 0.000000,
        "bw_samples" : 0,
        "iops_min" : 0,
        "iops_max" : 0,
        "iops_mean" : 0.000000,
        "iops_stddev" : 0.000000,
        "iops_samples" : 0
      },
      "trim" : {
        "io_bytes" : 0,
        "io_kbytes" : 0,
        "bw_bytes" : 0,
        "bw" : 0,
        "iops" : 0.000000,
        "runtime" : 0,
        "total_ios" : 0,
        "short_ios" : 0,
        "drop_ios" : 0,
        "slat_ns" : {
          "min" : 0,
          "max" : 0,
          "mean" : 0.000000,
          "stddev" : 0.000000
        },
        "clat_ns" : {
          "min" : 0,
          "max" : 0,
          "mean" : 0.000000,
          "stddev" : 0.000000,
          "percentile" : {
            "1.000000" : 0,
            "5.000000" : 0,
            "10.000000" : 0,
            "20.000000" : 0,
            "30.000000" : 0,
            "40.000000" : 0,
            "50.000000" : 0,
            "60.000000" : 0,
            "70.000000" : 0,
            "80.000000" : 0,
            "90.000000" : 0,
            "95.000000" : 0,
            "99.000000" : 0,
            "99.500000" : 0,
            "99.900000" : 0,
            "99.950000" : 0,
            "99.990000" : 0
          }
        },
        "lat_ns" : {
          "min" : 0,
          "max" : 0,
          "mean" : 0.000000,
          "stddev" : 0.000000
        },
        "bw_min" : 0,
        "bw_max" : 0,
        "bw_agg" : 0.000000,
        "bw_mean" : 0.000000,
        "bw_dev" : 0.000000,
        "bw_samples" : 0,
        "iops_min" : 0,
        "iops_max" : 0,
        "iops_mean" : 0.000000,
        "iops_stddev" : 0.000000,
        "iops_samples" : 0
      },
      "sync" : {
        "lat_ns" : {
          "min" : 0,
          "max" : 0,
          "mean" : 0.000000,
          "stddev" : 0.000000,
          "percentile" : {
            "1.000000" : 0,
            "5.000000" : 0,
            "10.000000" : 0,
            "20.000000" : 0,
            "30.000000" : 0,
            "40.000000" : 0,
            "50.000000" : 0,
            "60.000000" : 0,
            "70.000000" : 0,
            "80.000000" : 0,
            "90.000000" : 0,
            "95.000000" : 0,
            "99.000000" : 0,
            "99.500000" : 0,
            "99.900000" : 0,
            "99.950000" : 0,
            "99.990000" : 0
          }
        },
        "total_ios" : 0,
        "clat_prio" : {
          "samples" : 96000002,
          "min" : 98,
          "max" : 12022548,
          "mean" : 10723.823111,
          "stddev" : 49554.545216,
          "percentile" : {
            "1.000000" : 201,
            "5.000000" : 205,
            "10.000000" : 207,
            "20.000000" : 1896,
            "30.000000" : 13120,
            "40.000000" : 13504,
            "50.000000" : 13632,
            "60.000000" : 13760,
            "70.000000" : 13760,
            "80.000000" : 13760,
            "90.000000" : 13888,
            "95.000000" : 13888,
            "99.000000" : 14016,
            "99.500000" : 14144,
            "99.900000" : 15808,
            "99.950000" : 16064,
            "99.990000" : 28288,
            "0.00" : 0,
            "0.00" : 0,
            "0.00" : 0
          }
        },
        "clat_low_prio" : {
          "samples" : 0,
          "min" : 0,
          "max" : 0,
          "mean" : 0.000000,
          "stddev" : 0.000000,
          "percentile" : {
            "1.000000" : 0,
            "5.000000" : 0,
            "10.000000" : 0,
            "20.000000" : 0,
            "30.000000" : 0,
            "40.000000" : 0,
            "50.000000" : 0,
            "60.000000" : 0,
            "70.000000" : 0,
            "80.000000" : 0,
            "90.000000" : 0,
            "95.000000" : 0,
            "99.000000" : 0,
            "99.500000" : 0,
            "99.900000" : 0,
            "99.950000" : 0,
            "99.990000" : 0,
            "0.00" : 0,
            "0.00" : 0,
            "0.00" : 0
          }
        }
      },
      "job_runtime" : 240000,
      "usr_cpu" : 45.656667,
      "sys_cpu" : 38.106667,
      "ctx" : 11247,
      "majf" : 0,
      "minf" : 37,
      "iodepth_level" : {
        "1" : 13.425190,
        "2" : 13.310395,
        "4" : 0.100000,