{
  "fio version" : "fio-3.17-97-g8178",
  "timestamp" : 1579979175,
  "timestamp_ms" : 1579979175069,
  "time" : "Sat Jan 25 12:06:15 2020",
  "jobs" : [
    {
      "jobname" : "fixed-rate-submit",
      "groupid" : 0,
      "error" : 0,
      "eta" : 0,
      "elapsed" : 301,
      "job options" : {
        "ioengine" : "io_uring",
        "iodepth" : "1",
        "bs" : "4k",
        "group_reporting" : "1",
        "directory" : "/mnt/ramdisk",
        "size" : "10g",
        "time_based" : "1",
        "ramp_time" : "60",
        "runtime" : "240",
        "clocksource" : "cpu",
        "rw" : "randread",
        "numjobs" : "1",
        "nrfiles" : "1",
        "rate_iops" : "200000",
        "fixedbufs" : "1",
        "registerfiles" : "1",
        "sqthread_poll" : "1"
      },
      "read" : {
        "io_bytes" : 196608004096,
        "io_kbytes" : 192000004,
        "bw_bytes" : 819196603,
        "bw" : 799996,
        "iops" : 199999.170837,
        "runtime" : 240001,
        "total_ios" : 48000001,
        "short_ios" : 0,
        "drop_ios" : 0,
        "slat_ns" : {
          "min" : 0,
          "max" : 0,
          "mean" : 0.000000,
          "stddev" : 0.000000
        },
        "clat_ns" : {
          "min" : 103,
          "max" : 16002046,
          "mean" : 1793.257979,
          "stddev" : 68337.820507,
          "percentile" : {
            "1.000000" : 828,
            "5.000000" : 868,
            "10.000000" : 884,
            "20.000000" : 900,
            "30.000000" : 916,
            "40.000000" : 932,
            "50.000000" : 940,
            "60.000000" : 956,
            "70.000000" : 964,
            "80.000000" : 988,
            "90.000000" : 1032,
            "95.000000" : 1224,
            "99.000000" : 1320,
            "99.500000" : 1352,
            "99.900000" : 1416,
            "99.950000" : 1480,
            "99.990000" : 4014080
          }
        },
        "lat_ns" : {
          "min" : 676,
          "max" : 16002282,
          "mean" : 1838.562958,
          "stddev" : 68610.420357
        },
        "bw_min" : 391313,
        "bw_max" : 805312,
        "bw_agg" : 79.573257,
        "bw_mean" : 636582.874739,
        "bw_dev" : 77768.676652,
        "bw_samples" : 479,
        "iops_min" : 97828,
        "iops_max" : 201328,
        "iops_mean" : 159145.373695,
        "iops_stddev" : 19442.178512,
        "iops_samples" : 479
      },
      "write" : {
        "io_bytes" : 0,
        "io_kbytes" : 0,
        "bw_bytes" : 0,
        "bw" : 0,
        "iops" : 0.000000,
        "runtime" : 0,
        "total_ios" : 0,
        "short_ios" : 0,
        "drop_ios" : 0,
        "slat_ns" : {
          "min" : 0,
          "max" : 0,
          "mean" : 0.000000,
          "stddev" : 0.000000
        },
        "clat_ns" : {
          "min" : 0,
          "max" : 0,
          "mean" : 0.000000,
          "stddev" : 0.000000,
          "percentile" : {
            "1.000000" : 0,
            "5.000000" : 0,
            "10.000000" : 0,
            "20.000000" : 0,
            "30.000000" : 0,
            "40.000000" : 0,
            "50.000000" : 0,
            "60.000000" : 0,
            "70.000000" : 0,
            "80.000000" : 0,
            "90.000000" : 0,
            "95.000000" : 0,
            "99.000000" : 0,
            "99.500000" : 0,
            "99.900000" : 0,
            "99.950000" : 0,
            "99.990000" : 0
          }
        },
        "lat_ns" : {
          "min" : 0,
          "max" : 0,
          "mean" : 0.000000,
          "stddev" : 0.000000
        },
        "bw_min" : 0,
        "bw_max" : 0,
        "bw_agg" : 0.000000,
        "bw_mean" : 0.000000,
        "bw_dev" : 0.000000,
        "bw_samples" : 0,
        "iops_min" : 0,
        "iops_max" : 0,
        "iops_mean" : 0.000000,
        "iops_stddev" : 0.000000,
        "iops_samples" : 0
      },
      "trim" : {
        "io_bytes" : 0,
        "io_kbytes" : 0,
        "bw_bytes" : 0,
        "bw" : 0,
        "iops" : 0.000000,
        "runtime" : 0,
        "total_ios" : 0,
        "short_ios" : 0,
        "drop_ios" : 0,
        "slat_ns" : {
          "min" : 0,
          "max" : 0,
          "mean" : 0.000000,
          "stddev" : 0.000000
        },
        "clat_ns" : {
          "min" : 0,
          "max" : 0,
          "mean" : 0.000000,
          "stddev" : 0.000000,
          "percentile" : {
            "1.000000" : 0,
            "5.000000" : 0,
            "10.000000" : 0,
            "20.000000" : 0,
            "30.000000" : 0,
            "40.000000" : 0,
            "50.000000" : 0,
            "60.000000" : 0,
            "70.000000" : 0,
            "80.000000" : 0,
            "90.000000" : 0,
            "95.000000" : 0,
            "99.000000" : 0,
            "99.500000" : 0,
            "99.900000" : 0,
            "99.950000" : 0,
            "99.990000" : 0
          }
        },
        "lat_ns" : {
          "min" : 0,
          "max" : 0,
          "mean" : 0.000000,
          "stddev" : 0.000000
        },
        "bw_min" : 0,
        "bw_max" : 0,
        "bw_agg" : 0.000000,
        "bw_mean" : 0.000000,
        "bw_dev" : 0.000000,
        "bw_samples" : 0,
        "iops_min" : 0,
        "iops_max" : 0,
        "iops_mean" : 0.000000,
        "iops_stddev" : 0.000000,
        "iops_samples" : 0
      },
      "sync" : {
        "lat_ns" : {
          "min" : 0,
          "max" : 0,
          "mean" : 0.000000,
          "stddev" : 0.000000,
          "percentile" : {
            "1.000000" : 0,
            "5.000000" : 0,
            "10.000000" : 0,
            "20.000000" : 0,
            "30.000000" : 0,
            "40.000000" : 0,
            "50.000000" : 0,
            "60.000000" : 0,
            "70.000000" : 0,
            "80.000000" : 0,
            "90.000000" : 0,
            "95.000000" : 0,
            "99.000000" : 0,
            "99.500000" : 0,
            "99.900000" : 0,
            "99.950000" : 0,
            "99.990000" : 0
          }
        },
        "total_ios" : 0,
        "clat_prio" : {
          "samples" : 48000001,
          "min" : 103,
          "max" : 16002046,
          "mean" : 1793.257979,
          "stddev" : 68337.820507,
          "percentile" : {
            "1.000000" : 828,
            "5.000000" : 868,
            "10.000000" : 884,
            "20.000000" : 900,
            "30.000000" : 916,
            "40.000000" : 932,
            "50.000000" : 940,
            "60.000000" : 956,
            "70.000000" : 964,
            "80.000000" : 988,
            "90.000000" : 1032,
            "95.000000" : 1224,
            "99.000000" : 1320,
            "99.500000" : 1352,
            "99.900000" : 1416,
            "99.950000" : 1480,
            "99.990000" : 4014080,
            "0.00" : 0,
            "0.00" : 0,
            "0.00" : 0
          }
        },
        "clat_low_prio" : {
          "samples" : 0,
          "min" : 0,
          "max" : 0,
          "mean" : 0.000000,
          "stddev" : 0.000000,
          "percentile" : {
            "1.000000" : 0,
            "5.000000" : 0,
            "10.000000" : 0,
            "20.000000" : 0,
            "30.000000" : 0,
            "40.000000" : 0,
            "50.000000" : 0,
            "60.000000" : 0,
            "70.000000" : 0,
            "80.000000" : 0,
            "90.000000" : 0,
            "95.000000" : 0,
            "99.000000" : 0,
            "99.500000" : 0,
            "99.900000" : 0,
            "99.950000" : 0,
            "99.990000" : 0,
            "0.00" : 0,
            "0.00" : 0,
            "0.00" : 0
          }
        }
      },
      "job_runtime" : 240000,
      "usr_cpu" : 86.085000,
      "sys_cpu" : 0.000000,
      "ctx" : 8875,
      "majf" : 0,
      "minf" : 37,
      "iodepth_level" : {
        "1" : 100.000000,
        "2" : 0.000000,
        "4" : 0.000000,
        "8" : 0.000000,
        "16" : 0.000000,