{
  "fio version" : "fio-3.17-97-g8178",
  "timestamp" : 1579985198,
  "timestamp_ms" : 1579985198164,
  "time" : "Sat Jan 25 13:46:38 2020",
  "jobs" : [
    {
      "jobname" : "fixed-rate-submit",
      "groupid" : 0,
      "error" : 0,
      "eta" : 0,
      "elapsed" : 301,
      "job options" : {
        "ioengine" : "io_uring",
        "iodepth" : "16",
        "bs" : "4k",
        "group_reporting" : "1",
        "directory" : "/mnt/ramdisk",
        "size" : "10g",
        "time_based" : "1",
        "ramp_time" : "60",
        "runtime" : "240",
        "clocksource" : "cpu",
        "rw" : "randread",
        "numjobs" : "1",
        "nrfiles" : "1",
        "rate_iops" : "100000",
        "fixedbufs" : "1",
        "registerfiles" : "1",
        "sqthread_poll" : "1"
      },
      "read" : {
        "io_bytes" : 98298568704,
        "io_kbytes" : 95994696,
        "bw_bytes" : 409572249,
        "bw" : 399972,
        "iops" : 99993.225085,
        "runtime" : 240003,
        "total_ios" : 23998674,
        "short_ios" : 0,
        "drop_ios" : 0,
        "slat_ns" : {
          "min" : 0,
          "max" : 0,
          "mean" : 0.000000,
          "stddev" : 0.000000
        },
        "clat_ns" : {
          "min" : 152,
          "max" : 15999806,
          "mean" : 9271.338866,
          "stddev" : 153853.481507,
          "percentile" : {
            "1.000000" : 876,
            "5.000000" : 916,
            "10.000000" : 932,
            "20.000000" : 948,
            "30.000000" : 964,
            "40.000000" : 988,
            "50.000000" : 1004,
            "60.000000" : 1032,
            "70.000000" : 1448,
            "80.000000" : 12864,
            "90.000000" : 13248,
            "95.000000" : 13376,
            "99.000000" : 13632,
            "99.500000" : 13760,
            "99.900000" : 3981312,
            "99.950000" : 4014080,
            "99.990000" : 4014080
          }
        },
        "lat_ns" : {
          "min" : 717,
          "max" : 15999855,
          "mean" : 9318.543988,
          "stddev" : 154028.524404
        },
        "bw_min" : 168242,
        "bw_max" : 400016,
        "bw_agg" : 79.617589,
        "bw_mean" : 318448.064718,
        "bw_dev" : 42421.749704,
        "bw_samples" : 479,
        "iops_min" : 42060,
        "iops_max" : 100004,
        "iops_mean" : 79611.643006,
        "iops_stddev" : 10605.437138,
        "iops_samples" : 479
      },
      "write" : {
        "io_bytes" : 0,
        "io_kbytes" : 0,
        "bw_bytes" : 0,
        "bw" : 0,
        "iops" : 0.000000,
        "runtime" : 0,
        "total_ios" : 0,
        "short_ios" : 0,
        "drop_ios" : 0,
        "slat_ns" : {
          "min" : 0,
          "max" : 0,
          "mean" : 0.000000,
          "stddev" : 0.000000
        },
        "clat_ns" : {
          "min" : 0,
          "max" : 0,
          "mean" : 0.000000,
          "stddev" : 0.000000,
          "percentile" : {
            "1.000000" : 0,
            "5.000000" : 0,
            "10.000000" : 0,
            "20.000000" : 0,
            "30.000000" : 0,
            "40.000000" : 0,
            "50.000000" : 0,
            "60.000000" : 0,
            "70.000000" : 0,
            "80.000000" : 0,
            "90.000000" : 0,
            "95.000000" : 0,
            "99.000000" : 0,
            "99.500000" : 0,
            "99.900000" : 0,
            "99.950000" : 0,
            "99.990000" : 0
          }
        },
        "lat_ns" : {
          "min" : 0,
          "max" : 0,
          "mean" : 0.000000,
          "stddev" : 0.000000
        },
        "bw_min" : 0,
        "bw_max" : 0,
        "bw_agg" : 0.000000,
        "bw_mean" : 0.000000,
        "bw_dev" : 0.000000,
        "bw_samples" : 0,
        "iops_min" : 0,
        "iops_max" : 0,
        "iops_mean" : 0.000000,
        "iops_stddev" : 0.000000,
        "iops_samples" : 0
      },
      "trim" : {
        "io_bytes" : 0,
        "io_kbytes" : 0,
        "bw_bytes" : 0,
        "bw" : 0,
        "iops" : 0.000000,
        "runtime" : 0,
        "total_ios" : 0,
        "short_ios" : 0,
        "drop_ios" : 0,
        "slat_ns" : {
          "min" : 0,
          "max" : 0,
          "mean" : 0.000000,
          "stddev" : 0.000000
        },
        "clat_ns" : {
          "min" : 0,
          "max" : 0,
          "mean" : 0.000000,
          "stddev" : 0.000000,
          "percentile" : {
            "1.000000" : 0,
            "5.000000" : 0,
            "10.000000" : 0,
            "20.000000" : 0,
            "30.000000" : 0,
            "40.000000" : 0,
            "50.000000" : 0,
            "60.000000" : 0,
            "70.000000" : 0,
            "80.000000" : 0,
            "90.000000" : 0,
            "95.000000" : 0,
            "99.000000" : 0,
            "99.500000" : 0,
            "99.900000" : 0,
            "99.950000" : 0,
            "99.990000" : 0
          }
        },
        "lat_ns" : {
          "min" : 0,
          "max" : 0,
          "mean" : 0.000000,
          "stddev" : 0.000000
        },
        "bw_min" : 0,
        "bw_max" : 0,
        "bw_agg" : 0.000000,
        "bw_mean" : 0.000000,
        "bw_dev" : 0.000000,
        "bw_samples" : 0,
        "iops_min" : 0,
        "iops_max" : 0,
        "iops_mean" : 0.000000,
        "iops_stddev" : 0.000000,
        "iops_samples" : 0
      },
      "sync" : {
        "lat_ns" : {
          "min" : 0,
          "max" : 0,
          "mean" : 0.000000,
          "stddev" : 0.000000,
          "percentile" : {
            "1.000000" : 0,
            "5.000000" : 0,
            "10.000000" : 0,
            "20.000000" : 0,
            "30.000000" : 0,
            "40.000000" : 0,
            "50.000000" : 0,
            "60.000000" : 0,
            "70.000000" : 0,
            "80.000000" : 0,
            "90.000000" : 0,
            "95.000000" : 0,
            "99.000000" : 0,
            "99.500000" : 0,
            "99.900000" : 0,
            "99.950000" : 0,
            "99.990000" : 0
          }
        },
        "total_ios" : 0,
        "clat_prio" : {
          "samples" : 23998674,
          "min" : 152,
          "max" : 15999806,
          "mean" : 9271.338866,
          "stddev" : 153853.481507,
          "percentile" : {
            "1.000000" : 876,
            "5.000000" : 916,
            "10.000000" : 932,
            "20.000000" : 948,
            "30.000000" : 964,
            "40.000000" : 988,
            "50.000000" : 1004,
            "60.000000" : 1032,
            "70.000000" : 1448,
            "80.000000" : 12864,
            "90.000000" : 13248,
            "95.000000" : 13376,
            "99.000000" : 13632,
            "99.500000" : 13760,
            "99.900000" : 3981312,
            "99.950000" : 4014080,
            "99.990000" : 4014080,
            "0.00" : 0,
            "0.00" : 0,
            "0.00" : 0
          }
        },
        "clat_low_prio" : {
          "samples" : 0,
          "min" : 0,
          "max" : 0,
          "mean" : 0.000000,
          "stddev" : 0.000000,
          "percentile" : {
            "1.000000" : 0,
            "5.000000" : 0,
            "10.000000" : 0,
            "20.000000" : 0,
            "30.000000" : 0,
            "40.000000" : 0,
            "50.000000" : 0,
            "60.000000" : 0,
            "70.000000" : 0,
            "80.000000" : 0,
            "90.000000" : 0,
            "95.000000" : 0,
            "99.000000" : 0,
            "99.500000" : 0,
            "99.900000" : 0,
            "99.950000" : 0,
            "99.990000" : 0,
            "0.00" : 0,
            "0.00" : 0,
            "0.00" : 0
          }
        }
      },
      "job_runtime" : 240002,
      "usr_cpu" : 85.223873,
      "sys_cpu" : 0.002917,
      "ctx" : 9374,
      "majf" : 0,
      "minf" : 38,
      "iodepth_level" : {
        "1" : 70.162722,
        "2" : 0.162001,
        "4" : 0.214283,
        "8" : 0.427124,