{
  "fio version" : "fio-3.17-97-g8178",
  "timestamp" : 1579986703,
  "timestamp_ms" : 1579986703931,
  "time" : "Sat Jan 25 14:11:43 2020",
  "jobs" : [
    {
      "jobname" : "fixed-rate-submit",
      "groupid" : 0,
      "error" : 0,
      "eta" : 0,
      "elapsed" : 301,
      "job options" : {
        "ioengine" : "io_uring",
        "iodepth" : "16",
        "bs" : "4k",
        "group_reporting" : "1",
        "directory" : "/mnt/ramdisk",
        "size" : "10g",
        "time_based" : "1",
        "ramp_time" : "60",
        "runtime" : "240",
        "clocksource" : "cpu",
        "rw" : "randread",
        "numjobs" : "1",
        "nrfiles" : "1",
        "rate_iops" : "600000",
        "fixedbufs" : "1",
        "registerfiles" : "1",
        "sqthread_poll" : "1"
      },
      "read" : {
        "io_bytes" : 589820850176,
        "io_kbytes" : 575996924,
        "bw_bytes" : 2457556156,
        "bw" : 2399957,
        "iops" : 599989.291801,
        "runtime" : 240003,
        "total_ios" : 143999230,
        "short_ios" : 0,
        "drop_ios" : 0,
        "slat_ns" : {
          "min" : 0,
          "max" : 0,
          "mean" : 0.000000,
          "stddev" : 0.000000
        },
        "clat_ns" : {
          "min" : 576,
          "max" : 16014729,
          "mean" : 10326.799096,
          "stddev" : 127107.890495,
          "percentile" : {
            "1.000000" : 836,
            "5.000000" : 900,
            "10.000000" : 1080,
            "20.000000" : 1160,
            "30.000000" : 1256,
            "40.000000" : 1576,
            "50.000000" : 12608,
            "60.000000" : 12864,
            "70.000000" : 12992,
            "80.000000" : 13248,
            "90.000000" : 13376,
            "95.000000" : 13504,
            "99.000000" : 13632,
            "99.500000" : 13760,
            "99.900000" : 15040,
            "99.950000" : 4014080,
            "99.990000" : 4014080
          }
        },
        "lat_ns" : {
          "min" : 639,
          "max" : 16014766,
          "mean" : 10373.809597,
          "stddev" : 127314.560370
        },
        "bw_min" : 1046466,
        "bw_max" : 2472629,
        "bw_agg" : 80.734295,
        "bw_mean" : 1937588.354906,
        "bw_dev" : 250067.305298,
        "bw_samples" : 479,
        "iops_min" : 261616,
        "iops_max" : 618159,
        "iops_mean" : 484396.749478,
        "iops_stddev" : 62516.793748,
        "iops_samples" : 479
      },
      "write" : {
        "io_bytes" : 0,
        "io_kbytes" : 0,
        "bw_bytes" : 0,
        "bw" : 0,
        "iops" : 0.000000,
        "runtime" : 0,
        "total_ios" : 0,
        "short_ios" : 0,
        "drop_ios" : 0,
        "slat_ns" : {
          "min" : 0,
          "max" : 0,
          "mean" : 0.000000,
          "stddev" : 0.000000
        },
        "clat_ns" : {
          "min" : 0,
          "max" : 0,
          "mean" : 0.000000,
          "stddev" : 0.000000,
          "percentile" : {
            "1.000000" : 0,
            "5.000000" : 0,
            "10.000000" : 0,
            "20.000000" : 0,
            "30.000000" : 0,
            "40.000000" : 0,
            "50.000000" : 0,
            "60.000000" : 0,
            "70.000000" : 0,
            "80.000000" : 0,
            "90.000000" : 0,
            "95.000000" : 0,
            "99.000000" : 0,
            "99.500000" : 0,
            "99.900000" : 0,
            "99.950000" : 0,
            "99.990000" : 0
          }
        },
        "lat_ns" : {
          "min" : 0,
          "max" : 0,
          "mean" : 0.000000,
          "stddev" : 0.000000
        },
        "bw_min" : 0,
        "bw_max" : 0,
        "bw_agg" : 0.000000,
        "bw_mean" : 0.000000,
        "bw_dev" : 0.000000,
        "bw_samples" : 0,
        "iops_min" : 0,
        "iops_max" : 0,
        "iops_mean" : 0.000000,
        "iops_stddev" : 0.000000,
        "iops_samples" : 0
      },
      "trim" : {
        "io_bytes" : 0,
        "io_kbytes" : 0,
        "bw_bytes" : 0,
        "bw" : 0,
        "iops" : 0.000000,
        "runtime" : 0,
        "total_ios" : 0,
        "short_ios" : 0,
        "drop_ios" : 0,
        "slat_ns" : {
          "min" : 0,
          "max" : 0,
          "mean" : 0.000000,
          "stddev" : 0.000000
        },
        "clat_ns" : {
          "min" : 0,
          "max" : 0,
          "mean" : 0.000000,
          "stddev" : 0.000000,
          "percentile" : {
            "1.000000" : 0,
            "5.000000" : 0,
            "10.000000" : 0,
            "20.000000" : 0,
            "30.000000" : 0,
            "40.000000" : 0,
            "50.000000" : 0,
            "60.000000" : 0,
            "70.000000" : 0,
            "80.000000" : 0,
            "90.000000" : 0,
            "95.000000" : 0,
            "99.000000" : 0,
            "99.500000" : 0,
            "99.900000" : 0,
            "99.950000" : 0,
            "99.990000" : 0
          }
        },
        "lat_ns" : {
          "min" : 0,
          "max" : 0,
          "mean" : 0.000000,
          "stddev" : 0.000000
        },
        "bw_min" : 0,
        "bw_max" : 0,
        "bw_agg" : 0.000000,
        "bw_mean" : 0.000000,
        "bw_dev" : 0.000000,
        "bw_samples" : 0,
        "iops_min" : 0,
        "iops_max" : 0,
        "iops_mean" : 0.000000,
        "iops_stddev" : 0.000000,
        "iops_samples" : 0
      },
      "sync" : {
        "lat_ns" : {
          "min" : 0,
          "max" : 0,
          "mean" : 0.000000,
          "stddev" : 0.000000,
          "percentile" : {
            "1.000000" : 0,
            "5.000000" : 0,
            "10.000000" : 0,
            "20.000000" : 0,
            "30.000000" : 0,
            "40.000000" : 0,
            "50.000000" : 0,
            "60.000000" : 0,
            "70.000000" : 0,
            "80.000000" : 0,
            "90.000000" : 0,
            "95.000000" : 0,
            "99.000000" : 0,
            "99.500000" : 0,
            "99.900000" : 0,
            "99.950000" : 0,
            "99.990000" : 0
          }
        },
        "total_ios" : 0,
        "clat_prio" : {
          "samples" : 143999230,
          "min" : 576,
          "max" : 16014729,
          "mean" : 10326.799096,
          "stddev" : 127107.890495,
          "percentile" : {
            "1.000000" : 836,
            "5.000000" : 900,
            "10.000000" : 1080,
            "20.000000" : 1160,
            "30.000000" : 1256,
            "40.000000" : 1576,
            "50.000000" : 12608,
            "60.000000" : 12864,
            "70.000000" : 12992,
            "80.000000" : 13248,
            "90.000000" : 13376,
            "95.000000" : 13504,
            "99.000000" : 13632,
            "99.500000" : 13760,
            "99.900000" : 15040,
            "99.950000" : 4014080,
            "99.990000" : 4014080,
            "0.00" : 0,
            "0.00" : 0,
            "0.00" : 0
          }
        },
        "clat_low_prio" : {
          "samples" : 0,
          "min" : 0,
          "max" : 0,
          "mean" : 0.000000,
          "stddev" : 0.000000,
          "percentile" : {
            "1.000000" : 0,
            "5.000000" : 0,
            "10.000000" : 0,
            "20.000000" : 0,
            "30.000000" : 0,
            "40.000000" : 0,
            "50.000000" : 0,
            "60.000000" : 0,
            "70.000000" : 0,
            "80.000000" : 0,
            "90.000000" : 0,
            "95.000000" : 0,
            "99.000000" : 0,
            "99.500000" : 0,
            "99.900000" : 0,
            "99.950000" : 0,
            "99.990000" : 0,
            "0.00" : 0,
            "0.00" : 0,
            "0.00" : 0
          }
        }
      },
      "job_runtime" : 240002,
      "usr_cpu" : 85.933034,
      "sys_cpu" : 0.000000,
      "ctx" : 8896,
      "majf" : 0,
      "minf" : 37,
      "iodepth_level" : {
        "1" : 18.477027,
        "2" : 27.233571,
        "4" : 0.100000,