{
  "fio version" : "fio-3.17-97-g8178",
  "timestamp" : 1579916819,
  "timestamp_ms" : 1579916819042,
  "time" : "Fri Jan 24 18:46:59 2020",
  "jobs" : [
    {
      "jobname" : "fixed-rate-submit",
      "groupid" : 0,
      "error" : 0,
      "eta" : 0,
      "elapsed" : 301,
      "job options" : {
        "ioengine" : "io_uring",
        "iodepth" : "16",
        "bs" : "4k",
        "group_reporting" : "1",
        "directory" : "/mnt/ramdisk",
        "size" : "10g",
        "time_based" : "1",
        "ramp_time" : "60",
        "runtime" : "240",
        "clocksource" : "cpu",
        "rw" : "randread",
        "numjobs" : "1",
        "nrfiles" : "1",
        "rate_iops" : "300000",
        "fixedbufs" : "1",
        "registerfiles" : "1",
        "sqthread_poll" : "0"
      },
      "read" : {
        "io_bytes" : 294912008192,
        "io_kbytes" : 288000008,
        "bw_bytes" : 1228794914,
        "bw" : 1199995,
        "iops" : 299998.754172,
        "runtime" : 240001,
        "total_ios" : 72000001,
        "short_ios" : 0,
        "drop_ios" : 0,
        "slat_ns" : {
          "min" : 982,
          "max" : 143758,
          "mean" : 1251.578213,
          "stddev" : 327.843898
        },
        "clat_ns" : {
          "min" : 92,
          "max" : 184511,
          "mean" : 217.967232,
          "stddev" : 1283.924289,
          "percentile" : {
            "1.000000" : 96,
            "5.000000" : 97,
            "10.000000" : 98,
            "20.000000" : 99,
            "30.000000" : 100,
            "40.000000" : 101,
            "50.000000" : 101,
            "60.000000" : 102,
            "70.000000" : 102,
            "80.000000" : 103,
            "90.000000" : 105,
            "95.000000" : 107,
            "99.000000" : 2512,
            "99.500000" : 9792,
            "99.900000" : 17024,
            "99.950000" : 20608,
            "99.990000" : 40704
          }
        },
        "lat_ns" : {
          "min" : 1111,
          "max" : 186268,
          "mean" : 1498.236555,
          "stddev" : 1415.301223
        },
        "bw_min" : 600728,
        "bw_max" : 1201635,
        "bw_agg" : 80.226980,
        "bw_mean" : 962719.745303,
        "bw_dev" : 114392.122850,
        "bw_samples" : 479,
        "iops_min" : 150182,
        "iops_max" : 300408,
        "iops_mean" : 240679.553236,
        "iops_stddev" : 28598.031165,
        "iops_samples" : 479
      },
      "write" : {
        "io_bytes" : 0,
        "io_kbytes" : 0,
        "bw_bytes" : 0,
        "bw" : 0,
        "iops" : 0.000000,
        "runtime" : 0,
        "total_ios" : 0,
        "short_ios" : 0,
        "drop_ios" : 0,
        "slat_ns" : {
          "min" : 0,
          "max" : 0,
          "mean" : 0.000000,
          "stddev" : 0.000000
        },
        "clat_ns" : {
          "min" : 0,
          "max" : 0,
          "mean" : 0.000000,
          "stddev" : 0.000000,
          "percentile" : {
            "1.000000" : 0,
            "5.000000" : 0,
            "10.000000" : 0,
            "20.000000" : 0,
            "30.000000" : 0,
            "40.000000" : 0,
            "50.000000" : 0,
            "60.000000" : 0,
            "70.000000" : 0,
            "80.000000" : 0,
            "90.000000" : 0,
            "95.000000" : 0,
            "99.000000" : 0,
            "99.500000" : 0,
            "99.900000" : 0,
            "99.950000" : 0,
            "99.990000" : 0
          }
        },
        "lat_ns" : {
          "min" : 0,
          "max" : 0,
          "mean" : 0.000000,
          "stddev" : 0.000000
        },
        "bw_min" : 0,
        "bw_max" : 0,
        "bw_agg" : 0.000000,
        "bw_mean" : 0.000000,
        "bw_dev" : 0.000000,
        "bw_samples" : 0,
        "iops_min" : 0,
        "iops_max" : 0,
        "iops_mean" : 0.000000,
        "iops_stddev" : 0.000000,
        "iops_samples" : 0
      },
      "trim" : {
        "io_bytes" : 0,
        "io_kbytes" : 0,
        "bw_bytes" : 0,
        "bw" : 0,
        "iops" : 0.000000,
        "runtime" : 0,
        "total_ios" : 0,
        "short_ios" : 0,
        "drop_ios" : 0,
        "slat_ns" : {
          "min" : 0,
          "max" : 0,
          "mean" : 0.000000,
          "stddev" : 0.000000
        },
        "clat_ns" : {
          "min" : 0,
          "max" : 0,
          "mean" : 0.000000,
          "stddev" : 0.000000,
          "percentile" : {
            "1.000000" : 0,
            "5.000000" : 0,
            "10.000000" : 0,
            "20.000000" : 0,
            "30.000000" : 0,
            "40.000000" : 0,
            "50.000000" : 0,
            "60.000000" : 0,
            "70.000000" : 0,
            "80.000000" : 0,
            "90.000000" : 0,
            "95.000000" : 0,
            "99.000000" : 0,
            "99.500000" : 0,
            "99.900000" : 0,
            "99.950000" : 0,
            "99.990000" : 0
          }
        },
        "lat_ns" : {
          "min" : 0,
          "max" : 0,
          "mean" : 0.000000,
          "stddev" : 0.000000
        },
        "bw_min" : 0,
        "bw_max" : 0,
        "bw_agg" : 0.000000,
        "bw_mean" : 0.000000,
        "bw_dev" : 0.000000,
        "bw_samples" : 0,
        "iops_min" : 0,
        "iops_max" : 0,
        "iops_mean" : 0.000000,
        "iops_stddev" : 0.000000,
        "iops_samples" : 0
      },
      "sync" : {
        "lat_ns" : {
          "min" : 0,
          "max" : 0,
          "mean" : 0.000000,
          "stddev" : 0.000000,
          "percentile" : {
            "1.000000" : 0,
            "5.000000" : 0,
            "10.000000" : 0,
            "20.000000" : 0,
            "30.000000" : 0,
            "40.000000" : 0,
            "50.000000" : 0,
            "60.000000" : 0,
            "70.000000" : 0,
            "80.000000" : 0,
            "90.000000" : 0,
            "95.000000" : 0,
            "99.000000" : 0,
            "99.500000" : 0,
            "99.900000" : 0,
            "99.950000" : 0,
            "99.990000" : 0
          }
        },
        "total_ios" : 0,
        "clat_prio" : {
          "samples" : 72000002,
          "min" : 92,
          "max" : 184511,
          "mean" : 217.967232,
          "stddev" : 1283.924289,
          "percentile" : {
            "1.000000" : 96,
            "5.000000" : 97,
            "10.000000" : 98,
            "20.000000" : 99,
            "30.000000" : 100,
            "40.000000" : 101,
            "50.000000" : 101,
            "60.000000" : 102,
            "70.000000" : 102,
            "80.000000" : 103,
            "90.000000" : 105,
            "95.000000" : 107,
            "99.000000" : 2512,
            "99.500000" : 9792,
            "99.900000" : 17024,
            "99.950000" : 20608,
            "99.990000" : 40704,
            "0.00" : 0,
            "0.00" : 0,
            "0.00" : 0
          }
        },
        "clat_low_prio" : {
          "samples" : 0,
          "min" : 0,
          "max" : 0,
          "mean" : 0.000000,
          "stddev" : 0.000000,
          "percentile" : {
            "1.000000" : 0,
            "5.000000" : 0,
            "10.000000" : 0,
            "20.000000" : 0,
            "30.000000" : 0,
            "40.000000" : 0,
            "50.000000" : 0,
            "60.000000" : 0,
            "70.000000" : 0,
            "80.000000" : 0,
            "90.000000" : 0,
            "95.000000" : 0,
            "99.000000" : 0,
            "99.500000" : 0,
            "99.900000" : 0,
            "99.950000" : 0,
            "99.990000" : 0,
            "0.00" : 0,
            "0.00" : 0,
            "0.00" : 0
          }
        }
      },
      "job_runtime" : 240000,
      "usr_cpu" : 71.815833,
      "sys_cpu" : 28.177083,
      "ctx" : 911,
      "majf" : 0,
      "minf" : 37,
      "iodepth_level" : {
        "1" : 98.619846,
        "2" : 0.569521,
        "4" : 0.446990,
        "8" : 0.339229,
        "16" : 0.100000,
        "32" : 0.000000,