{
  "fio version" : "fio-3.17-97-g8178",
  "timestamp" : 1579915314,
  "timestamp_ms" : 1579915314962,
  "time" : "Fri Jan 24 18:21:54 2020",
  "jobs" : [
    {
      "jobname" : "fixed-rate-submit",
      "groupid" : 0,
      "error" : 0,
      "eta" : 0,
      "elapsed" : 301,
      "job options" : {
        "ioengine" : "io_uring",
        "iodepth" : "8",
        "bs" : "4k",
        "group_reporting" : "1",
        "directory" : "/mnt/ramdisk",
        "size" : "10g",
        "time_based" : "1",
        "ramp_time" : "60",
        "runtime" : "240",
        "clocksource" : "cpu",
        "rw" : "randread",
        "numjobs" : "1",
        "nrfiles" : "1",
        "rate_iops" : "500000",
        "fixedbufs" : "1",
        "registerfiles" : "1",
        "sqthread_poll" : "0"
      },
      "read" : {
        "io_bytes" : 491520008192,
        "io_kbytes" : 480000008,
        "bw_bytes" : 2047991500,
        "bw" : 1999991,
        "iops" : 499997.916675,
        "runtime" : 240001,
        "total_ios" : 120000000,
        "short_ios" : 0,
        "drop_ios" : 0,
        "slat_ns" : {
          "min" : 967,
          "max" : 35750,
          "mean" : 1244.592675,
          "stddev" : 306.611794
        },
        "clat_ns" : {
          "min" : 128,
          "max" : 60736,
          "mean" : 5702.304724,
          "stddev" : 3917.565435,
          "percentile" : {
            "1.000000" : 446,
            "5.000000" : 516,
            "10.000000" : 588,
            "20.000000" : 2160,
            "30.000000" : 3632,
            "40.000000" : 3888,
            "50.000000" : 5472,
            "60.000000" : 6944,
            "70.000000" : 7328,
            "80.000000" : 8896,
            "90.000000" : 10816,
            "95.000000" : 12992,
            "99.000000" : 13632,
            "99.500000" : 13888,
            "99.900000" : 27264,
            "99.950000" : 28032,
            "99.990000" : 30080
          }
        },
        "lat_ns" : {
          "min" : 1289,
          "max" : 62398,
          "mean" : 6975.194301,
          "stddev" : 3961.292516
        },
        "bw_min" : 1001112,
        "bw_max" : 2002384,
        "bw_agg" : 80.123751,
        "bw_mean" : 1602467.816284,
        "bw_dev" : 192032.029262,
        "bw_samples" : 479,
        "iops_min" : 250278,
        "iops_max" : 500596,
        "iops_mean" : 400616.672234,
        "iops_stddev" : 48008.032884,
        "iops_samples" : 479
      },
      "write" : {
        "io_bytes" : 0,
        "io_kbytes" : 0,
        "bw_bytes" : 0,
        "bw" : 0,
        "iops" : 0.000000,
        "runtime" : 0,
        "total_ios" : 0,
        "short_ios" : 0,
        "drop_ios" : 0,
        "slat_ns" : {
          "min" : 0,
          "max" : 0,
          "mean" : 0.000000,
          "stddev" : 0.000000
        },
        "clat_ns" : {
          "min" : 0,
          "max" : 0,
          "mean" : 0.000000,
          "stddev" : 0.000000,
          "percentile" : {
            "1.000000" : 0,
            "5.000000" : 0,
            "10.000000" : 0,
            "20.000000" : 0,
            "30.000000" : 0,
            "40.000000" : 0,
            "50.000000" : 0,
            "60.000000" : 0,
            "70.000000" : 0,
            "80.000000" : 0,
            "90.000000" : 0,
            "95.000000" : 0,
            "99.000000" : 0,
            "99.500000" : 0,
            "99.900000" : 0,
            "99.950000" : 0,
            "99.990000" : 0
          }
        },
        "lat_ns" : {
          "min" : 0,
          "max" : 0,
          "mean" : 0.000000,
          "stddev" : 0.000000
        },
        "bw_min" : 0,
        "bw_max" : 0,
        "bw_agg" : 0.000000,
        "bw_mean" : 0.000000,
        "bw_dev" : 0.000000,
        "bw_samples" : 0,
        "iops_min" : 0,
        "iops_max" : 0,
        "iops_mean" : 0.000000,
        "iops_stddev" : 0.000000,
        "iops_samples" : 0
      },
      "trim" : {
        "io_bytes" : 0,
        "io_kbytes" : 0,
        "bw_bytes" : 0,
        "bw" : 0,
        "iops" : 0.000000,
        "runtime" : 0,
        "total_ios" : 0,
        "short_ios" : 0,
        "drop_ios" : 0,
        "slat_ns" : {
          "min" : 0,
          "max" : 0,
          "mean" : 0.000000,
          "stddev" : 0.000000
        },
        "clat_ns" : {
          "min" : 0,
          "max" : 0,
          "mean" : 0.000000,
          "stddev" : 0.000000,
          "percentile" : {
            "1.000000" : 0,
            "5.000000" : 0,
            "10.000000" : 0,
            "20.000000" : 0,
            "30.000000" : 0,
            "40.000000" : 0,
            "50.000000" : 0,
            "60.000000" : 0,
            "70.000000" : 0,
            "80.000000" : 0,
            "90.000000" : 0,
            "95.000000" : 0,
            "99.000000" : 0,
            "99.500000" : 0,
            "99.900000" : 0,
            "99.950000" : 0,
            "99.990000" : 0
          }
        },
        "lat_ns" : {
          "min" : 0,
          "max" : 0,
          "mean" : 0.000000,
          "stddev" : 0.000000
        },
        "bw_min" : 0,
        "bw_max" : 0,
        "bw_agg" : 0.000000,
        "bw_mean" : 0.000000,
        "bw_dev" : 0.000000,
        "bw_samples" : 0,
        "iops_min" : 0,
        "iops_max" : 0,
        "iops_mean" : 0.000000,
        "iops_stddev" : 0.000000,
        "iops_samples" : 0
      },
      "sync" : {
        "lat_ns" : {
          "min" : 0,
          "max" : 0,
          "mean" : 0.000000,
          "stddev" : 0.000000,
          "percentile" : {
            "1.000000" : 0,
            "5.000000" : 0,
            "10.000000" : 0,
            "20.000000" : 0,
            "30.000000" : 0,
            "40.000000" : 0,
            "50.000000" : 0,
            "60.000000" : 0,
            "70.000000" : 0,
            "80.000000" : 0,
            "90.000000" : 0,
            "95.000000" : 0,
            "99.000000" : 0,
            "99.500000" : 0,
            "99.900000" : 0,
            "99.950000" : 0,
            "99.990000" : 0
          }
        },
        "total_ios" : 0,
        "clat_prio" : {
          "samples" : 120000000,
          "min" : 128,
          "max" : 60736,
          "mean" : 5702.304724,
          "stddev" : 3917.565435,
          "percentile" : {
            "1.000000" : 446,
            "5.000000" : 516,
            "10.000000" : 588,
            "20.000000" : 2160,
            "30.000000" : 3632,
            "40.000000" : 3888,
            "50.000000" : 5472,
            "60.000000" : 6944,
            "70.000000" : 7328,
            "80.000000" : 8896,
            "90.000000" : 10816,
            "95.000000" : 12992,
            "99.000000" : 13632,
            "99.500000" : 13888,
            "99.900000" : 27264,
            "99.950000" : 28032,
            "99.990000" : 30080,
            "0.00" : 0,
            "0.00" : 0,
            "0.00" : 0
          }
        },
        "clat_low_prio" : {
          "samples" : 0,
          "min" : 0,
          "max" : 0,
          "mean" : 0.000000,
          "stddev" : 0.000000,
          "percentile" : {
            "1.000000" : 0,
            "5.000000" : 0,
            "10.000000" : 0,
            "20.000000" : 0,
            "30.000000" : 0,
            "40.000000" : 0,
            "50.000000" : 0,
            "60.000000" : 0,
            "70.000000" : 0,
            "80.000000" : 0,
            "90.000000" : 0,
            "95.000000" : 0,
            "99.000000" : 0,
            "99.500000" : 0,
            "99.900000" : 0,
            "99.950000" : 0,
            "99.990000" : 0,
            "0.00" : 0,
            "0.00" : 0,
            "0.00" : 0
          }
        }
      },
      "job_runtime" : 240000,
      "usr_cpu" : 53.075833,
      "sys_cpu" : 46.922500,
      "ctx" : 660,
      "majf" : 0,
      "minf" : 38,
      "iodepth_level" : {
        "1" : 14.706919,
        "2" : 29.413809,
        "4" : 47.302191,
        "8" : 8.577081,