{
  "fio version" : "fio-3.17-97-g8178",
  "timestamp" : 1579914713,
  "timestamp_ms" : 1579914713325,
  "time" : "Fri Jan 24 18:11:53 2020",
  "jobs" : [
    {
      "jobname" : "fixed-rate-submit",
      "groupid" : 0,
      "error" : 0,
      "eta" : 0,
      "elapsed" : 301,
      "job options" : {
        "ioengine" : "io_uring",
        "iodepth" : "8",
        "bs" : "4k",
        "group_reporting" : "1",
        "directory" : "/mnt/ramdisk",
        "size" : "10g",
        "time_based" : "1",
        "ramp_time" : "60",
        "runtime" : "240",
        "clocksource" : "cpu",
        "rw" : "randread",
        "numjobs" : "1",
        "nrfiles" : "1",
        "rate_iops" : "300000",
        "fixedbufs" : "1",
        "registerfiles" : "1",
        "sqthread_poll" : "0"
      },
      "read" : {
        "io_bytes" : 294912008192,
        "io_kbytes" : 288000008,
        "bw_bytes" : 1228794914,
        "bw" : 1199995,
        "iops" : 299998.754172,
        "runtime" : 240001,
        "total_ios" : 72000001,
        "short_ios" : 0,
        "drop_ios" : 0,
        "slat_ns" : {
          "min" : 976,
          "max" : 30858,
          "mean" : 1241.042619,
          "stddev" : 302.515911
        },
        "clat_ns" : {
          "min" : 91,
          "max" : 60664,
          "mean" : 194.760199,
          "stddev" : 1008.255709,
          "percentile" : {
            "1.000000" : 95,
            "5.000000" : 96,
            "10.000000" : 97,
            "20.000000" : 98,
            "30.000000" : 98,
            "40.000000" : 99,
            "50.000000" : 99,
            "60.000000" : 100,
            "70.000000" : 101,
            "80.000000" : 102,
            "90.000000" : 103,
            "95.000000" : 104,
            "99.000000" : 2064,
            "99.500000" : 9408,
            "99.900000" : 12992,
            "99.950000" : 13376,
            "99.990000" : 27264
          }
        },
        "lat_ns" : {
          "min" : 1105,
          "max" : 67557,
          "mean" : 1464.939466,
          "stddev" : 1128.562055
        },
        "bw_min" : 600720,
        "bw_max" : 1200556,
        "bw_agg" : 80.176513,
        "bw_mean" : 962114.148225,
        "bw_dev" : 115365.077008,
        "bw_samples" : 479,
        "iops_min" : 150180,
        "iops_max" : 300139,
        "iops_mean" : 240528.189979,
        "iops_stddev" : 28841.282834,
        "iops_samples" : 479
      },
      "write" : {
        "io_bytes" : 0,
        "io_kbytes" : 0,
        "bw_bytes" : 0,
        "bw" : 0,
        "iops" : 0.000000,
        "runtime" : 0,
        "total_ios" : 0,
        "short_ios" : 0,
        "drop_ios" : 0,
        "slat_ns" : {
          "min" : 0,
          "max" : 0,
          "mean" : 0.000000,
          "stddev" : 0.000000
        },
        "clat_ns" : {
          "min" : 0,
          "max" : 0,
          "mean" : 0.000000,
          "stddev" : 0.000000,
          "percentile" : {
            "1.000000" : 0,
            "5.000000" : 0,
            "10.000000" : 0,
            "20.000000" : 0,
            "30.000000" : 0,
            "40.000000" : 0,
            "50.000000" : 0,
            "60.000000" : 0,
            "70.000000" : 0,
            "80.000000" : 0,
            "90.000000" : 0,
            "95.000000" : 0,
            "99.000000" : 0,
            "99.500000" : 0,
            "99.900000" : 0,
            "99.950000" : 0,
            "99.990000" : 0
          }
        },
        "lat_ns" : {
          "min" : 0,
          "max" : 0,
          "mean" : 0.000000,
          "stddev" : 0.000000
        },
        "bw_min" : 0,
        "bw_max" : 0,
        "bw_agg" : 0.000000,
        "bw_mean" : 0.000000,
        "bw_dev" : 0.000000,
        "bw_samples" : 0,
        "iops_min" : 0,
        "iops_max" : 0,
        "iops_mean" : 0.000000,
        "iops_stddev" : 0.000000,
        "iops_samples" : 0
      },
      "trim" : {
        "io_bytes" : 0,
        "io_kbytes" : 0,
        "bw_bytes" : 0,
        "bw" : 0,
        "iops" : 0.000000,
        "runtime" : 0,
        "total_ios" : 0,
        "short_ios" : 0,
        "drop_ios" : 0,
        "slat_ns" : {
          "min" : 0,
          "max" : 0,
          "mean" : 0.000000,
          "stddev" : 0.000000
        },
        "clat_ns" : {
          "min" : 0,
          "max" : 0,
          "mean" : 0.000000,
          "stddev" : 0.000000,
          "percentile" : {
            "1.000000" : 0,
            "5.000000" : 0,
            "10.000000" : 0,
            "20.000000" : 0,
            "30.000000" : 0,
            "40.000000" : 0,
            "50.000000" : 0,
            "60.000000" : 0,
            "70.000000" : 0,
            "80.000000" : 0,
            "90.000000" : 0,
            "95.000000" : 0,
            "99.000000" : 0,
            "99.500000" : 0,
            "99.900000" : 0,
            "99.950000" : 0,
            "99.990000" : 0
          }
        },
        "lat_ns" : {
          "min" : 0,
          "max" : 0,
          "mean" : 0.000000,
          "stddev" : 0.000000
        },
        "bw_min" : 0,
        "bw_max" : 0,
        "bw_agg" : 0.000000,
        "bw_mean" : 0.000000,
        "bw_dev" : 0.000000,
        "bw_samples" : 0,
        "iops_min" : 0,
        "iops_max" : 0,
        "iops_mean" : 0.000000,
        "iops_stddev" : 0.000000,
        "iops_samples" : 0
      },
      "sync" : {
        "lat_ns" : {
          "min" : 0,
          "max" : 0,
          "mean" : 0.000000,
          "stddev" : 0.000000,
          "percentile" : {
            "1.000000" : 0,
            "5.000000" : 0,
            "10.000000" : 0,
            "20.000000" : 0,
            "30.000000" : 0,
            "40.000000" : 0,
            "50.000000" : 0,
            "60.000000" : 0,
            "70.000000" : 0,
            "80.000000" : 0,
            "90.000000" : 0,
            "95.000000" : 0,
            "99.000000" : 0,
            "99.500000" : 0,
            "99.900000" : 0,
            "99.950000" : 0,
            "99.990000" : 0
          }
        },
        "total_ios" : 0,
        "clat_prio" : {
          "samples" : 72000002,
          "min" : 91,
          "max" : 60664,
          "mean" : 194.760199,
          "stddev" : 1008.255709,
          "percentile" : {
            "1.000000" : 95,
            "5.000000" : 96,
            "10.000000" : 97,
            "20.000000" : 98,
            "30.000000" : 98,
            "40.000000" : 99,
            "50.000000" : 99,
            "60.000000" : 100,
            "70.000000" : 101,
            "80.000000" : 102,
            "90.000000" : 103,
            "95.000000" : 104,
            "99.000000" : 2064,
            "99.500000" : 9408,
            "99.900000" : 12992,
            "99.950000" : 13376,
            "99.990000" : 27264,
            "0.00" : 0,
            "0.00" : 0,
            "0.00" : 0
          }
        },
        "clat_low_prio" : {
          "samples" : 0,
          "min" : 0,
          "max" : 0,
          "mean" : 0.000000,
          "stddev" : 0.000000,
          "percentile" : {
            "1.000000" : 0,
            "5.000000" : 0,
            "10.000000" : 0,
            "20.000000" : 0,
            "30.000000" : 0,
            "40.000000" : 0,
            "50.000000" : 0,
            "60.000000" : 0,
            "70.000000" : 0,
            "80.000000" : 0,
            "90.000000" : 0,
            "95.000000" : 0,
            "99.000000" : 0,
            "99.500000" : 0,
            "99.900000" : 0,
            "99.950000" : 0,
            "99.990000" : 0,
            "0.00" : 0,
            "0.00" : 0,
            "0.00" : 0
          }
        }
      },
      "job_runtime" : 240000,
      "usr_cpu" : 72.016667,
      "sys_cpu" : 27.982083,
      "ctx" : 716,
      "majf" : 0,
      "minf" : 37,
      "iodepth_level" : {
        "1" : 98.741851,
        "2" : 0.500606,
        "4" : 0.426968,
        "8" : 0.330575,
        "16" : 0.000000,
        "32" : 0.000000,