{
  "fio version" : "fio-3.17-97-g8178",
  "timestamp" : 1579912607,
  "timestamp_ms" : 1579912607603,
  "time" : "Fri Jan 24 17:36:47 2020",
  "jobs" : [
    {
      "jobname" : "fixed-rate-submit",
      "groupid" : 0,
      "error" : 0,
      "eta" : 0,
      "elapsed" : 301,
      "job options" : {
        "ioengine" : "io_uring",
        "iodepth" : "4",
        "bs" : "4k",
        "group_reporting" : "1",
        "directory" : "/mnt/ramdisk",
        "size" : "10g",
        "time_based" : "1",
        "ramp_time" : "60",
        "runtime" : "240",
        "clocksource" : "cpu",
        "rw" : "randread",
        "numjobs" : "1",
        "nrfiles" : "1",
        "rate_iops" : "300000",
        "fixedbufs" : "1",
        "registerfiles" : "1",
        "sqthread_poll" : "0"
      },
      "read" : {
        "io_bytes" : 294912008192,
        "io_kbytes" : 288000008,
        "bw_bytes" : 1228794914,
        "bw" : 1199995,
        "iops" : 299998.754172,
        "runtime" : 240001,
        "total_ios" : 72000001,
        "short_ios" : 0,
        "drop_ios" : 0,
        "slat_ns" : {
          "min" : 989,
          "max" : 32829,
          "mean" : 1262.205625,
          "stddev" : 308.400602
        },
        "clat_ns" : {
          "min" : 92,
          "max" : 33047,
          "mean" : 168.280203,
          "stddev" : 616.548360,
          "percentile" : {
            "1.000000" : 97,
            "5.000000" : 99,
            "10.000000" : 100,
            "20.000000" : 101,
            "30.000000" : 102,
            "40.000000" : 103,
            "50.000000" : 104,
            "60.000000" : 104,
            "70.000000" : 105,
            "80.000000" : 106,
            "90.000000" : 107,
            "95.000000" : 109,
            "99.000000" : 2192,
            "99.500000" : 5664,
            "99.900000" : 6048,
            "99.950000" : 6112,
            "99.990000" : 20352
          }
        },
        "lat_ns" : {
          "min" : 1116,
          "max" : 64544,
          "mean" : 1457.618746,
          "stddev" : 745.977700
        },
        "bw_min" : 600696,
        "bw_max" : 1201440,
        "bw_agg" : 80.189245,
        "bw_mean" : 962266.929019,
        "bw_dev" : 115384.520843,
        "bw_samples" : 479,
        "iops_min" : 150174,
        "iops_max" : 300360,
        "iops_mean" : 240566.352818,
        "iops_stddev" : 28846.148227,
        "iops_samples" : 479
      },
      "write" : {
        "io_bytes" : 0,
        "io_kbytes" : 0,
        "bw_bytes" : 0,
        "bw" : 0,
        "iops" : 0.000000,
        "runtime" : 0,
        "total_ios" : 0,
        "short_ios" : 0,
        "drop_ios" : 0,
        "slat_ns" : {
          "min" : 0,
          "max" : 0,
          "mean" : 0.000000,
          "stddev" : 0.000000
        },
        "clat_ns" : {
          "min" : 0,
          "max" : 0,
          "mean" : 0.000000,
          "stddev" : 0.000000,
          "percentile" : {
            "1.000000" : 0,
            "5.000000" : 0,
            "10.000000" : 0,
            "20.000000" : 0,
            "30.000000" : 0,
            "40.000000" : 0,
            "50.000000" : 0,
            "60.000000" : 0,
            "70.000000" : 0,
            "80.000000" : 0,
            "90.000000" : 0,
            "95.000000" : 0,
            "99.000000" : 0,
            "99.500000" : 0,
            "99.900000" : 0,
            "99.950000" : 0,
            "99.990000" : 0
          }
        },
        "lat_ns" : {
          "min" : 0,
          "max" : 0,
          "mean" : 0.000000,
          "stddev" : 0.000000
        },
        "bw_min" : 0,
        "bw_max" : 0,
        "bw_agg" : 0.000000,
        "bw_mean" : 0.000000,
        "bw_dev" : 0.000000,
        "bw_samples" : 0,
        "iops_min" : 0,
        "iops_max" : 0,
        "iops_mean" : 0.000000,
        "iops_stddev" : 0.000000,
        "iops_samples" : 0
      },
      "trim" : {
        "io_bytes" : 0,
        "io_kbytes" : 0,
        "bw_bytes" : 0,
        "bw" : 0,
        "iops" : 0.000000,
        "runtime" : 0,
        "total_ios" : 0,
        "short_ios" : 0,
        "drop_ios" : 0,
        "slat_ns" : {
          "min" : 0,
          "max" : 0,
          "mean" : 0.000000,
          "stddev" : 0.000000
        },
        "clat_ns" : {
          "min" : 0,
          "max" : 0,
          "mean" : 0.000000,
          "stddev" : 0.000000,
          "percentile" : {
            "1.000000" : 0,
            "5.000000" : 0,
            "10.000000" : 0,
            "20.000000" : 0,
            "30.000000" : 0,
            "40.000000" : 0,
            "50.000000" : 0,
            "60.000000" : 0,
            "70.000000" : 0,
            "80.000000" : 0,
            "90.000000" : 0,
            "95.000000" : 0,
            "99.000000" : 0,
            "99.500000" : 0,
            "99.900000" : 0,
            "99.950000" : 0,
            "99.990000" : 0
          }
        },
        "lat_ns" : {
          "min" : 0,
          "max" : 0,
          "mean" : 0.000000,
          "stddev" : 0.000000
        },
        "bw_min" : 0,
        "bw_max" : 0,
        "bw_agg" : 0.000000,
        "bw_mean" : 0.000000,
        "bw_dev" : 0.000000,
        "bw_samples" : 0,
        "iops_min" : 0,
        "iops_max" : 0,
        "iops_mean" : 0.000000,
        "iops_stddev" : 0.000000,
        "iops_samples" : 0
      },
      "sync" : {
        "lat_ns" : {
          "min" : 0,
          "max" : 0,
          "mean" : 0.000000,
          "stddev" : 0.000000,
          "percentile" : {
            "1.000000" : 0,
            "5.000000" : 0,
            "10.000000" : 0,
            "20.000000" : 0,
            "30.000000" : 0,
            "40.000000" : 0,
            "50.000000" : 0,
            "60.000000" : 0,
            "70.000000" : 0,
            "80.000000" : 0,
            "90.000000" : 0,
            "95.000000" : 0,
            "99.000000" : 0,
            "99.500000" : 0,
            "99.900000" : 0,
            "99.950000" : 0,
            "99.990000" : 0
          }
        },
        "total_ios" : 0,
        "clat_prio" : {
          "samples" : 72000002,
          "min" : 92,
          "max" : 33047,
          "mean" : 168.280203,
          "stddev" : 616.548360,
          "percentile" : {
            "1.000000" : 97,
            "5.000000" : 99,
            "10.000000" : 100,
            "20.000000" : 101,
            "30.000000" : 102,
            "40.000000" : 103,
            "50.000000" : 104,
            "60.000000" : 104,
            "70.000000" : 105,
            "80.000000" : 106,
            "90.000000" : 107,
            "95.000000" : 109,
            "99.000000" : 2192,
            "99.500000" : 5664,
            "99.900000" : 6048,
            "99.950000" : 6112,
            "99.990000" : 20352,
            "0.00" : 0,
            "0.00" : 0,
            "0.00" : 0
          }
        },
        "clat_low_prio" : {
          "samples" : 0,
          "min" : 0,
          "max" : 0,
          "mean" : 0.000000,
          "stddev" : 0.000000,
          "percentile" : {
            "1.000000" : 0,
            "5.000000" : 0,
            "10.000000" : 0,
            "20.000000" : 0,
            "30.000000" : 0,
            "40.000000" : 0,
            "50.000000" : 0,
            "60.000000" : 0,
            "70.000000" : 0,
            "80.000000" : 0,
            "90.000000" : 0,
            "95.000000" : 0,
            "99.000000" : 0,
            "99.500000" : 0,
            "99.900000" : 0,
            "99.950000" : 0,
            "99.990000" : 0,
            "0.00" : 0,
            "0.00" : 0,
            "0.00" : 0
          }
        }
      },
      "job_runtime" : 240000,
      "usr_cpu" : 71.311667,
      "sys_cpu" : 28.686667,
      "ctx" : 631,
      "majf" : 0,
      "minf" : 37,
      "iodepth_level" : {
        "1" : 98.580486,
        "2" : 0.582054,
        "4" : 0.837460,
        "8" : 0.000000,
        "16" : 0.000000,
        "32" : 0.000000,