{
  "fio version" : "fio-3.17-97-g8178",
  "timestamp" : 1579912306,
  "timestamp_ms" : 1579912306783,
  "time" : "Fri Jan 24 17:31:46 2020",
  "jobs" : [
    {
      "jobname" : "fixed-rate-submit",
      "groupid" : 0,
      "error" : 0,
      "eta" : 0,
      "elapsed" : 301,
      "job options" : {
        "ioengine" : "io_uring",
        "iodepth" : "4",
        "bs" : "4k",
        "group_reporting" : "1",
        "directory" : "/mnt/ramdisk",
        "size" : "10g",
        "time_based" : "1",
        "ramp_time" : "60",
        "runtime" : "240",
        "clocksource" : "cpu",
        "rw" : "randread",
        "numjobs" : "1",
        "nrfiles" : "1",
        "rate_iops" : "200000",
        "fixedbufs" : "1",
        "registerfiles" : "1",
        "sqthread_poll" : "0"
      },
      "read" : {
        "io_bytes" : 196608008192,
        "io_kbytes" : 192000008,
        "bw_bytes" : 819196620,
        "bw" : 799996,
        "iops" : 199999.170837,
        "runtime" : 240001,
        "total_ios" : 48000001,
        "short_ios" : 0,
        "drop_ios" : 0,
        "slat_ns" : {
          "min" : 981,
          "max" : 33174,
          "mean" : 1244.565963,
          "stddev" : 298.603643
        },
        "clat_ns" : {
          "min" : 96,
          "max" : 33061,
          "mean" : 134.930037,
          "stddev" : 373.062577,
          "percentile" : {
            "1.000000" : 100,
            "5.000000" : 101,
            "10.000000" : 102,
            "20.000000" : 103,
            "30.000000" : 105,
            "40.000000" : 106,
            "50.000000" : 107,
            "60.000000" : 108,
            "70.000000" : 109,
            "80.000000" : 110,
            "90.000000" : 111,
            "95.000000" : 113,
            "99.000000" : 133,
            "99.500000" : 2320,
            "99.900000" : 5664,
            "99.950000" : 5792,
            "99.990000" : 6112
          }
        },
        "lat_ns" : {
          "min" : 1113,
          "max" : 60790,
          "mean" : 1409.386803,
          "stddev" : 547.421318
        },
        "bw_min" : 400472,
        "bw_max" : 800920,
        "bw_agg" : 80.390113,
        "bw_mean" : 643117.686848,
        "bw_dev" : 76442.232797,
        "bw_samples" : 479,
        "iops_min" : 100118,
        "iops_max" : 200230,
        "iops_mean" : 160779.054280,
        "iops_stddev" : 19110.546567,
        "iops_samples" : 479
      },
      "write" : {
        "io_bytes" : 0,
        "io_kbytes" : 0,
        "bw_bytes" : 0,
        "bw" : 0,
        "iops" : 0.000000,
        "runtime" : 0,
        "total_ios" : 0,
        "short_ios" : 0,
        "drop_ios" : 0,
        "slat_ns" : {
          "min" : 0,
          "max" : 0,
          "mean" : 0.000000,
          "stddev" : 0.000000
        },
        "clat_ns" : {
          "min" : 0,
          "max" : 0,
          "mean" : 0.000000,
          "stddev" : 0.000000,
          "percentile" : {
            "1.000000" : 0,
            "5.000000" : 0,
            "10.000000" : 0,
            "20.000000" : 0,
            "30.000000" : 0,
            "40.000000" : 0,
            "50.000000" : 0,
            "60.000000" : 0,
            "70.000000" : 0,
            "80.000000" : 0,
            "90.000000" : 0,
            "95.000000" : 0,
            "99.000000" : 0,
            "99.500000" : 0,
            "99.900000" : 0,
            "99.950000" : 0,
            "99.990000" : 0
          }
        },
        "lat_ns" : {
          "min" : 0,
          "max" : 0,
          "mean" : 0.000000,
          "stddev" : 0.000000
        },
        "bw_min" : 0,
        "bw_max" : 0,
        "bw_agg" : 0.000000,
        "bw_mean" : 0.000000,
        "bw_dev" : 0.000000,
        "bw_samples" : 0,
        "iops_min" : 0,
        "iops_max" : 0,
        "iops_mean" : 0.000000,
        "iops_stddev" : 0.000000,
        "iops_samples" : 0
      },
      "trim" : {
        "io_bytes" : 0,
        "io_kbytes" : 0,
        "bw_bytes" : 0,
        "bw" : 0,
        "iops" : 0.000000,
        "runtime" : 0,
        "total_ios" : 0,
        "short_ios" : 0,
        "drop_ios" : 0,
        "slat_ns" : {
          "min" : 0,
          "max" : 0,
          "mean" : 0.000000,
          "stddev" : 0.000000
        },
        "clat_ns" : {
          "min" : 0,
          "max" : 0,
          "mean" : 0.000000,
          "stddev" : 0.000000,
          "percentile" : {
            "1.000000" : 0,
            "5.000000" : 0,
            "10.000000" : 0,
            "20.000000" : 0,
            "30.000000" : 0,
            "40.000000" : 0,
            "50.000000" : 0,
            "60.000000" : 0,
            "70.000000" : 0,
            "80.000000" : 0,
            "90.000000" : 0,
            "95.000000" : 0,
            "99.000000" : 0,
            "99.500000" : 0,
            "99.900000" : 0,
            "99.950000" : 0,
            "99.990000" : 0
          }
        },
        "lat_ns" : {
          "min" : 0,
          "max" : 0,
          "mean" : 0.000000,
          "stddev" : 0.000000
        },
        "bw_min" : 0,
        "bw_max" : 0,
        "bw_agg" : 0.000000,
        "bw_mean" : 0.000000,
        "bw_dev" : 0.000000,
        "bw_samples" : 0,
        "iops_min" : 0,
        "iops_max" : 0,
        "iops_mean" : 0.000000,
        "iops_stddev" : 0.000000,
        "iops_samples" : 0
      },
      "sync" : {
        "lat_ns" : {
          "min" : 0,
          "max" : 0,
          "mean" : 0.000000,
          "stddev" : 0.000000,
          "percentile" : {
            "1.000000" : 0,
            "5.000000" : 0,
            "10.000000" : 0,
            "20.000000" : 0,
            "30.000000" : 0,
            "40.000000" : 0,
            "50.000000" : 0,
            "60.000000" : 0,
            "70.000000" : 0,
            "80.000000" : 0,
            "90.000000" : 0,
            "95.000000" : 0,
            "99.000000" : 0,
            "99.500000" : 0,
            "99.900000" : 0,
            "99.950000" : 0,
            "99.990000" : 0
          }
        },
        "total_ios" : 0,
        "clat_prio" : {
          "samples" : 48000002,
          "min" : 96,
          "max" : 33061,
          "mean" : 134.930037,
          "stddev" : 373.062577,
          "percentile" : {
            "1.000000" : 100,
            "5.000000" : 101,
            "10.000000" : 102,
            "20.000000" : 103,
            "30.000000" : 105,
            "40.000000" : 106,
            "50.000000" : 107,
            "60.000000" : 108,
            "70.000000" : 109,
            "80.000000" : 110,
            "90.000000" : 111,
            "95.000000" : 113,
            "99.000000" : 133,
            "99.500000" : 2320,
            "99.900000" : 5664,
            "99.950000" : 5792,
            "99.990000" : 6112,
            "0.00" : 0,
            "0.00" : 0,
            "0.00" : 0
          }
        },
        "clat_low_prio" : {
          "samples" : 0,
          "min" : 0,
          "max" : 0,
          "mean" : 0.000000,
          "stddev" : 0.000000,
          "percentile" : {
            "1.000000" : 0,
            "5.000000" : 0,
            "10.000000" : 0,
            "20.000000" : 0,
            "30.000000" : 0,
            "40.000000" : 0,
            "50.000000" : 0,
            "60.000000" : 0,
            "70.000000" : 0,
            "80.000000" : 0,
            "90.000000" : 0,
            "95.000000" : 0,
            "99.000000" : 0,
            "99.500000" : 0,
            "99.900000" : 0,
            "99.950000" : 0,
            "99.990000" : 0,
            "0.00" : 0,
            "0.00" : 0,
            "0.00" : 0
          }
        }
      },
      "job_runtime" : 240000,
      "usr_cpu" : 81.170833,
      "sys_cpu" : 18.827083,
      "ctx" : 900,
      "majf" : 0,
      "minf" : 37,
      "iodepth_level" : {
        "1" : 99.350450,
        "2" : 0.345315,
        "4" : 0.304235,
        "8" : 0.000000,
        "16" : 0.000000,
        "32" : 0.000000,