{
  "fio version" : "fio-3.17-97-g8178",
  "timestamp" : 1579915014,
  "timestamp_ms" : 1579915014143,
  "time" : "Fri Jan 24 18:16:54 2020",
  "jobs" : [
    {
      "jobname" : "fixed-rate-submit",
      "groupid" : 0,
      "error" : 0,
      "eta" : 0,
      "elapsed" : 301,
      "job options" : {
        "ioengine" : "io_uring",
        "iodepth" : "8",
        "bs" : "4k",
        "group_reporting" : "1",
        "directory" : "/mnt/ramdisk",
        "size" : "10g",
        "time_based" : "1",
        "ramp_time" : "60",
        "runtime" : "240",
        "clocksource" : "cpu",
        "rw" : "randread",
        "numjobs" : "1",
        "nrfiles" : "1",
        "rate_iops" : "400000",
        "fixedbufs" : "1",
        "registerfiles" : "1",
        "sqthread_poll" : "0"
      },
      "read" : {
        "io_bytes" : 393216008192,
        "io_kbytes" : 384000008,
        "bw_bytes" : 1638393207,
        "bw" : 1599993,
        "iops" : 399998.337507,
        "runtime" : 240001,
        "total_ios" : 96000001,
        "short_ios" : 0,
        "drop_ios" : 0,
        "slat_ns" : {
          "min" : 974,
          "max" : 33964,
          "mean" : 1258.415294,
          "stddev" : 333.397516
        },
        "clat_ns" : {
          "min" : 93,
          "max" : 60471,
          "mean" : 1290.572365,
          "stddev" : 2210.395353,
          "percentile" : {
            "1.000000" : 103,
            "5.000000" : 183,
            "10.000000" : 195,
            "20.000000" : 197,
            "30.000000" : 199,
            "40.000000" : 201,
            "50.000000" : 286,
            "60.000000" : 1816,
            "70.000000" : 1848,
            "80.000000" : 1864,
            "90.000000" : 1912,
            "95.000000" : 2128,
            "99.000000" : 13120,
            "99.500000" : 13632,
            "99.900000" : 26240,
            "99.950000" : 26496,
            "99.990000" : 28288
          }
        },
        "lat_ns" : {
          "min" : 1110,
          "max" : 71080,
          "mean" : 2577.253590,
          "stddev" : 2284.065714
        },
        "bw_min" : 800944,
        "bw_max" : 1601928,
        "bw_agg" : 80.101285,
        "bw_mean" : 1281614.949896,
        "bw_dev" : 153656.929147,
        "bw_samples" : 479,
        "iops_min" : 200236,
        "iops_max" : 400482,
        "iops_mean" : 320403.379958,
        "iops_stddev" : 38414.196140,
        "iops_samples" : 479
      },
      "write" : {
        "io_bytes" : 0,
        "io_kbytes" : 0,
        "bw_bytes" : 0,
        "bw" : 0,
        "iops" : 0.000000,
        "runtime" : 0,
        "total_ios" : 0,
        "short_ios" : 0,
        "drop_ios" : 0,
        "slat_ns" : {
          "min" : 0,
          "max" : 0,
          "mean" : 0.000000,
          "stddev" : 0.000000
        },
        "clat_ns" : {
          "min" : 0,
          "max" : 0,
          "mean" : 0.000000,
          "stddev" : 0.000000,
          "percentile" : {
            "1.000000" : 0,
            "5.000000" : 0,
            "10.000000" : 0,
            "20.000000" : 0,
            "30.000000" : 0,
            "40.000000" : 0,
            "50.000000" : 0,
            "60.000000" : 0,
            "70.000000" : 0,
            "80.000000" : 0,
            "90.000000" : 0,
            "95.000000" : 0,
            "99.000000" : 0,
            "99.500000" : 0,
            "99.900000" : 0,
            "99.950000" : 0,
            "99.990000" : 0
          }
        },
        "lat_ns" : {
          "min" : 0,
          "max" : 0,
          "mean" : 0.000000,
          "stddev" : 0.000000
        },
        "bw_min" : 0,
        "bw_max" : 0,
        "bw_agg" : 0.000000,
        "bw_mean" : 0.000000,
        "bw_dev" : 0.000000,
        "bw_samples" : 0,
        "iops_min" : 0,
        "iops_max" : 0,
        "iops_mean" : 0.000000,
        "iops_stddev" : 0.000000,
        "iops_samples" : 0
      },
      "trim" : {
        "io_bytes" : 0,
        "io_kbytes" : 0,
        "bw_bytes" : 0,
        "bw" : 0,
        "iops" : 0.000000,
        "runtime" : 0,
        "total_ios" : 0,
        "short_ios" : 0,
        "drop_ios" : 0,
        "slat_ns" : {
          "min" : 0,
          "max" : 0,
          "mean" : 0.000000,
          "stddev" : 0.000000
        },
        "clat_ns" : {
          "min" : 0,
          "max" : 0,
          "mean" : 0.000000,
          "stddev" : 0.000000,
          "percentile" : {
            "1.000000" : 0,
            "5.000000" : 0,
            "10.000000" : 0,
            "20.000000" : 0,
            "30.000000" : 0,
            "40.000000" : 0,
            "50.000000" : 0,
            "60.000000" : 0,
            "70.000000" : 0,
            "80.000000" : 0,
            "90.000000" : 0,
            "95.000000" : 0,
            "99.000000" : 0,
            "99.500000" : 0,
            "99.900000" : 0,
            "99.950000" : 0,
            "99.990000" : 0
          }
        },
        "lat_ns" : {
          "min" : 0,
          "max" : 0,
          "mean" : 0.000000,
          "stddev" : 0.000000
        },
        "bw_min" : 0,
        "bw_max" : 0,
        "bw_agg" : 0.000000,
        "bw_mean" : 0.000000,
        "bw_dev" : 0.000000,
        "bw_samples" : 0,
        "iops_min" : 0,
        "iops_max" : 0,
        "iops_mean" : 0.000000,
        "iops_stddev" : 0.000000,
        "iops_samples" : 0
      },
      "sync" : {
        "lat_ns" : {
          "min" : 0,
          "max" : 0,
          "mean" : 0.000000,
          "stddev" : 0.000000,
          "percentile" : {
            "1.000000" : 0,
            "5.000000" : 0,
            "10.000000" : 0,
            "20.000000" : 0,
            "30.000000" : 0,
            "40.000000" : 0,
            "50.000000" : 0,
            "60.000000" : 0,
            "70.000000" : 0,
            "80.000000" : 0,
            "90.000000" : 0,
            "95.000000" : 0,
            "99.000000" : 0,
            "99.500000" : 0,
            "99.900000" : 0,
            "99.950000" : 0,
            "99.990000" : 0
          }
        },
        "total_ios" : 0,
        "clat_prio" : {
          "samples" : 96000002,
          "min" : 93,
          "max" : 60471,
          "mean" : 1290.572365,
          "stddev" : 2210.395353,
          "percentile" : {
            "1.000000" : 103,
            "5.000000" : 183,
            "10.000000" : 195,
            "20.000000" : 197,
            "30.000000" : 199,
            "40.000000" : 201,
            "50.000000" : 286,
            "60.000000" : 1816,
            "70.000000" : 1848,
            "80.000000" : 1864,
            "90.000000" : 1912,
            "95.000000" : 2128,
            "99.000000" : 13120,
            "99.500000" : 13632,
            "99.900000" : 26240,
            "99.950000" : 26496,
            "99.990000" : 28288,
            "0.00" : 0,
            "0.00" : 0,
            "0.00" : 0
          }
        },
        "clat_low_prio" : {
          "samples" : 0,
          "min" : 0,
          "max" : 0,
          "mean" : 0.000000,
          "stddev" : 0.000000,
          "percentile" : {
            "1.000000" : 0,
            "5.000000" : 0,
            "10.000000" : 0,
            "20.000000" : 0,
            "30.000000" : 0,
            "40.000000" : 0,
            "50.000000" : 0,
            "60.000000" : 0,
            "70.000000" : 0,
            "80.000000" : 0,
            "90.000000" : 0,
            "95.000000" : 0,
            "99.000000" : 0,
            "99.500000" : 0,
            "99.900000" : 0,
            "99.950000" : 0,
            "99.990000" : 0,
            "0.00" : 0,
            "0.00" : 0,
            "0.00" : 0
          }
        }
      },
      "job_runtime" : 240000,
      "usr_cpu" : 61.938750,
      "sys_cpu" : 38.059583,
      "ctx" : 724,
      "majf" : 0,
      "minf" : 38,
      "iodepth_level" : {
        "1" : 50.277690,
        "2" : 47.795928,
        "4" : 0.242102,
        "8" : 1.684280,
        "16" : 0.000000,