{
  "fio version" : "fio-3.17-97-g8178",
  "timestamp" : 1579918022,
  "timestamp_ms" : 1579918022314,
  "time" : "Fri Jan 24 19:07:02 2020",
  "jobs" : [
    {
      "jobname" : "fixed-rate-submit",
      "groupid" : 0,
      "error" : 0,
      "eta" : 0,
      "elapsed" : 301,
      "job options" : {
        "ioengine" : "io_uring",
        "iodepth" : "16",
        "bs" : "4k",
        "group_reporting" : "1",
        "directory" : "/mnt/ramdisk",
        "size" : "10g",
        "time_based" : "1",
        "ramp_time" : "60",
        "runtime" : "240",
        "clocksource" : "cpu",
        "rw" : "randread",
        "numjobs" : "1",
        "nrfiles" : "1",
        "rate_iops" : "700000",
        "fixedbufs" : "1",
        "registerfiles" : "1",
        "sqthread_poll" : "0"
      },
      "read" : {
        "io_bytes" : 510482575360,
        "io_kbytes" : 498518140,
        "bw_bytes" : 2127001868,
        "bw" : 2077150,
        "iops" : 519287.498802,
        "runtime" : 240001,
        "total_ios" : 124629519,
        "short_ios" : 0,
        "drop_ios" : 0,
        "slat_ns" : {
          "min" : 996,
          "max" : 179349,
          "mean" : 1309.282998,
          "stddev" : 332.447165
        },
        "clat_ns" : {
          "min" : 446,
          "max" : 223010,
          "mean" : 28940.588224,
          "stddev" : 1608.255725,
          "percentile" : {
            "1.000000" : 27520,
            "5.000000" : 27776,
            "10.000000" : 28032,
            "20.000000" : 28288,
            "30.000000" : 28544,
            "40.000000" : 28544,
            "50.000000" : 28800,
            "60.000000" : 29056,
            "70.000000" : 29312,
            "80.000000" : 29312,
            "90.000000" : 29568,
            "95.000000" : 29568,
            "99.000000" : 31360,
            "99.500000" : 42240,
            "99.900000" : 45824,
            "99.950000" : 47360,
            "99.990000" : 58624
          }
        },
        "lat_ns" : {
          "min" : 1795,
          "max" : 224420,
          "mean" : 30278.598019,
          "stddev" : 1652.926532
        },
        "bw_min" : 1035344,
        "bw_max" : 2106347,
        "bw_agg" : 80.123644,
        "bw_mean" : 1664288.273486,
        "bw_dev" : 199490.935332,
        "bw_samples" : 479,
        "iops_min" : 258836,
        "iops_max" : 526586,
        "iops_mean" : 416071.743215,
        "iops_stddev" : 49872.798104,
        "iops_samples" : 479
      },
      "write" : {
        "io_bytes" : 0,
        "io_kbytes" : 0,
        "bw_bytes" : 0,
        "bw" : 0,
        "iops" : 0.000000,
        "runtime" : 0,
        "total_ios" : 0,
        "short_ios" : 0,
        "drop_ios" : 0,
        "slat_ns" : {
          "min" : 0,
          "max" : 0,
          "mean" : 0.000000,
          "stddev" : 0.000000
        },
        "clat_ns" : {
          "min" : 0,
          "max" : 0,
          "mean" : 0.000000,
          "stddev" : 0.000000,
          "percentile" : {
            "1.000000" : 0,
            "5.000000" : 0,
            "10.000000" : 0,
            "20.000000" : 0,
            "30.000000" : 0,
            "40.000000" : 0,
            "50.000000" : 0,
            "60.000000" : 0,
            "70.000000" : 0,
            "80.000000" : 0,
            "90.000000" : 0,
            "95.000000" : 0,
            "99.000000" : 0,
            "99.500000" : 0,
            "99.900000" : 0,
            "99.950000" : 0,
            "99.990000" : 0
          }
        },
        "lat_ns" : {
          "min" : 0,
          "max" : 0,
          "mean" : 0.000000,
          "stddev" : 0.000000
        },
        "bw_min" : 0,
        "bw_max" : 0,
        "bw_agg" : 0.000000,
        "bw_mean" : 0.000000,
        "bw_dev" : 0.000000,
        "bw_samples" : 0,
        "iops_min" : 0,
        "iops_max" : 0,
        "iops_mean" : 0.000000,
        "iops_stddev" : 0.000000,
        "iops_samples" : 0
      },
      "trim" : {
        "io_bytes" : 0,
        "io_kbytes" : 0,
        "bw_bytes" : 0,
        "bw" : 0,
        "iops" : 0.000000,
        "runtime" : 0,
        "total_ios" : 0,
        "short_ios" : 0,
        "drop_ios" : 0,
        "slat_ns" : {
          "min" : 0,
          "max" : 0,
          "mean" : 0.000000,
          "stddev" : 0.000000
        },
        "clat_ns" : {
          "min" : 0,
          "max" : 0,
          "mean" : 0.000000,
          "stddev" : 0.000000,
          "percentile" : {
            "1.000000" : 0,
            "5.000000" : 0,
            "10.000000" : 0,
            "20.000000" : 0,
            "30.000000" : 0,
            "40.000000" : 0,
            "50.000000" : 0,
            "60.000000" : 0,
            "70.000000" : 0,
            "80.000000" : 0,
            "90.000000" : 0,
            "95.000000" : 0,
            "99.000000" : 0,
            "99.500000" : 0,
            "99.900000" : 0,
            "99.950000" : 0,
            "99.990000" : 0
          }
        },
        "lat_ns" : {
          "min" : 0,
          "max" : 0,
          "mean" : 0.000000,
          "stddev" : 0.000000
        },
        "bw_min" : 0,
        "bw_max" : 0,
        "bw_agg" : 0.000000,
        "bw_mean" : 0.000000,
        "bw_dev" : 0.000000,
        "bw_samples" : 0,
        "iops_min" : 0,
        "iops_max" : 0,
        "iops_mean" : 0.000000,
        "iops_stddev" : 0.000000,
        "iops_samples" : 0
      },
      "sync" : {
        "lat_ns" : {
          "min" : 0,
          "max" : 0,
          "mean" : 0.000000,
          "stddev" : 0.000000,
          "percentile" : {
            "1.000000" : 0,
            "5.000000" : 0,
            "10.000000" : 0,
            "20.000000" : 0,
            "30.000000" : 0,
            "40.000000" : 0,
            "50.000000" : 0,
            "60.000000" : 0,
            "70.000000" : 0,
            "80.000000" : 0,
            "90.000000" : 0,
            "95.000000" : 0,
            "99.000000" : 0,
            "99.500000" : 0,
            "99.900000" : 0,
            "99.950000" : 0,
            "99.990000" : 0
          }
        },
        "total_ios" : 0,
        "clat_prio" : {
          "samples" : 124629534,
          "min" : 446,
          "max" : 223010,
          "mean" : 28940.588224,
          "stddev" : 1608.255725,
          "percentile" : {
            "1.000000" : 27520,
            "5.000000" : 27776,
            "10.000000" : 28032,
            "20.000000" : 28288,
            "30.000000" : 28544,
            "40.000000" : 28544,
            "50.000000" : 28800,
            "60.000000" : 29056,
            "70.000000" : 29312,
            "80.000000" : 29312,
            "90.000000" : 29568,
            "95.000000" : 29568,
            "99.000000" : 31360,
            "99.500000" : 42240,
            "99.900000" : 45824,
            "99.950000" : 47360,
            "99.990000" : 58624,
            "0.00" : 0,
            "0.00" : 0,
            "0.00" : 0
          }
        },
        "clat_low_prio" : {
          "samples" : 0,
          "min" : 0,
          "max" : 0,
          "mean" : 0.000000,
          "stddev" : 0.000000,
          "percentile" : {
            "1.000000" : 0,
            "5.000000" : 0,
            "10.000000" : 0,
            "20.000000" : 0,
            "30.000000" : 0,
            "40.000000" : 0,
            "50.000000" : 0,
            "60.000000" : 0,
            "70.000000" : 0,
            "80.000000" : 0,
            "90.000000" : 0,
            "95.000000" : 0,
            "99.000000" : 0,
            "99.500000" : 0,
            "99.900000" : 0,
            "99.950000" : 0,
            "99.990000" : 0,
            "0.00" : 0,
            "0.00" : 0,
            "0.00" : 0
          }
        }
      },
      "job_runtime" : 240000,
      "usr_cpu" : 48.111667,
      "sys_cpu" : 51.881250,
      "ctx" : 897,
      "majf" : 0,
      "minf" : 37,
      "iodepth_level" : {
        "1" : 0.000000,
        "2" : 0.000000,
        "4" : 0.000000,