{
  "fio version" : "fio-3.17-97-g8178",
  "timestamp" : 1579912005,
  "timestamp_ms" : 1579912005969,
  "time" : "Fri Jan 24 17:26:45 2020",
  "jobs" : [
    {
      "jobname" : "fixed-rate-submit",
      "groupid" : 0,
      "error" : 0,
      "eta" : 0,
      "elapsed" : 301,
      "job options" : {
        "ioengine" : "io_uring",
        "iodepth" : "4",
        "bs" : "4k",
        "group_reporting" : "1",
        "directory" : "/mnt/ramdisk",
        "size" : "10g",
        "time_based" : "1",
        "ramp_time" : "60",
        "runtime" : "240",
        "clocksource" : "cpu",
        "rw" : "randread",
        "numjobs" : "1",
        "nrfiles" : "1",
        "rate_iops" : "100000",
        "fixedbufs" : "1",
        "registerfiles" : "1",
        "sqthread_poll" : "0"
      },
      "read" : {
        "io_bytes" : 98304008192,
        "io_kbytes" : 96000008,
        "bw_bytes" : 409598327,
        "bw" : 399998,
        "iops" : 99999.587502,
        "runtime" : 240001,
        "total_ios" : 24000001,
        "short_ios" : 0,
        "drop_ios" : 0,
        "slat_ns" : {
          "min" : 990,
          "max" : 30665,
          "mean" : 1266.690065,
          "stddev" : 294.987323
        },
        "clat_ns" : {
          "min" : 92,
          "max" : 24937,
          "mean" : 106.570574,
          "stddev" : 126.030735,
          "percentile" : {
            "1.000000" : 96,
            "5.000000" : 97,
            "10.000000" : 98,
            "20.000000" : 99,
            "30.000000" : 100,
            "40.000000" : 100,
            "50.000000" : 101,
            "60.000000" : 101,
            "70.000000" : 102,
            "80.000000" : 103,
            "90.000000" : 104,
            "95.000000" : 106,
            "99.000000" : 119,
            "99.500000" : 191,
            "99.900000" : 1928,
            "99.950000" : 1976,
            "99.990000" : 2288
          }
        },
        "lat_ns" : {
          "min" : 1120,
          "max" : 61149,
          "mean" : 1400.810158,
          "stddev" : 359.112143
        },
        "bw_min" : 200240,
        "bw_max" : 400163,
        "bw_agg" : 80.282729,
        "bw_mean" : 321129.308977,
        "bw_dev" : 38344.469310,
        "bw_samples" : 479,
        "iops_min" : 50060,
        "iops_max" : 100040,
        "iops_mean" : 80281.949896,
        "iops_stddev" : 9586.099247,
        "iops_samples" : 479
      },
      "write" : {
        "io_bytes" : 0,
        "io_kbytes" : 0,
        "bw_bytes" : 0,
        "bw" : 0,
        "iops" : 0.000000,
        "runtime" : 0,
        "total_ios" : 0,
        "short_ios" : 0,
        "drop_ios" : 0,
        "slat_ns" : {
          "min" : 0,
          "max" : 0,
          "mean" : 0.000000,
          "stddev" : 0.000000
        },
        "clat_ns" : {
          "min" : 0,
          "max" : 0,
          "mean" : 0.000000,
          "stddev" : 0.000000,
          "percentile" : {
            "1.000000" : 0,
            "5.000000" : 0,
            "10.000000" : 0,
            "20.000000" : 0,
            "30.000000" : 0,
            "40.000000" : 0,
            "50.000000" : 0,
            "60.000000" : 0,
            "70.000000" : 0,
            "80.000000" : 0,
            "90.000000" : 0,
            "95.000000" : 0,
            "99.000000" : 0,
            "99.500000" : 0,
            "99.900000" : 0,
            "99.950000" : 0,
            "99.990000" : 0
          }
        },
        "lat_ns" : {
          "min" : 0,
          "max" : 0,
          "mean" : 0.000000,
          "stddev" : 0.000000
        },
        "bw_min" : 0,
        "bw_max" : 0,
        "bw_agg" : 0.000000,
        "bw_mean" : 0.000000,
        "bw_dev" : 0.000000,
        "bw_samples" : 0,
        "iops_min" : 0,
        "iops_max" : 0,
        "iops_mean" : 0.000000,
        "iops_stddev" : 0.000000,
        "iops_samples" : 0
      },
      "trim" : {
        "io_bytes" : 0,
        "io_kbytes" : 0,
        "bw_bytes" : 0,
        "bw" : 0,
        "iops" : 0.000000,
        "runtime" : 0,
        "total_ios" : 0,
        "short_ios" : 0,
        "drop_ios" : 0,
        "slat_ns" : {
          "min" : 0,
          "max" : 0,
          "mean" : 0.000000,
          "stddev" : 0.000000
        },
        "clat_ns" : {
          "min" : 0,
          "max" : 0,
          "mean" : 0.000000,
          "stddev" : 0.000000,
          "percentile" : {
            "1.000000" : 0,
            "5.000000" : 0,
            "10.000000" : 0,
            "20.000000" : 0,
            "30.000000" : 0,
            "40.000000" : 0,
            "50.000000" : 0,
            "60.000000" : 0,
            "70.000000" : 0,
            "80.000000" : 0,
            "90.000000" : 0,
            "95.000000" : 0,
            "99.000000" : 0,
            "99.500000" : 0,
            "99.900000" : 0,
            "99.950000" : 0,
            "99.990000" : 0
          }
        },
        "lat_ns" : {
          "min" : 0,
          "max" : 0,
          "mean" : 0.000000,
          "stddev" : 0.000000
        },
        "bw_min" : 0,
        "bw_max" : 0,
        "bw_agg" : 0.000000,
        "bw_mean" : 0.000000,
        "bw_dev" : 0.000000,
        "bw_samples" : 0,
        "iops_min" : 0,
        "iops_max" : 0,
        "iops_mean" : 0.000000,
        "iops_stddev" : 0.000000,
        "iops_samples" : 0
      },
      "sync" : {
        "lat_ns" : {
          "min" : 0,
          "max" : 0,
          "mean" : 0.000000,
          "stddev" : 0.000000,
          "percentile" : {
            "1.000000" : 0,
            "5.000000" : 0,
            "10.000000" : 0,
            "20.000000" : 0,
            "30.000000" : 0,
            "40.000000" : 0,
            "50.000000" : 0,
            "60.000000" : 0,
            "70.000000" : 0,
            "80.000000" : 0,
            "90.000000" : 0,
            "95.000000" : 0,
            "99.000000" : 0,
            "99.500000" : 0,
            "99.900000" : 0,
            "99.950000" : 0,
            "99.990000" : 0
          }
        },
        "total_ios" : 0,
        "clat_prio" : {
          "samples" : 24000002,
          "min" : 92,
          "max" : 24937,
          "mean" : 106.570574,
          "stddev" : 126.030735,
          "percentile" : {
            "1.000000" : 96,
            "5.000000" : 97,
            "10.000000" : 98,
            "20.000000" : 99,
            "30.000000" : 100,
            "40.000000" : 100,
            "50.000000" : 101,
            "60.000000" : 101,
            "70.000000" : 102,
            "80.000000" : 103,
            "90.000000" : 104,
            "95.000000" : 106,
            "99.000000" : 119,
            "99.500000" : 191,
            "99.900000" : 1928,
            "99.950000" : 1976,
            "99.990000" : 2288,
            "0.00" : 0,
            "0.00" : 0,
            "0.00" : 0
          }
        },
        "clat_low_prio" : {
          "samples" : 0,
          "min" : 0,
          "max" : 0,
          "mean" : 0.000000,
          "stddev" : 0.000000,
          "percentile" : {
            "1.000000" : 0,
            "5.000000" : 0,
            "10.000000" : 0,
            "20.000000" : 0,
            "30.000000" : 0,
            "40.000000" : 0,
            "50.000000" : 0,
            "60.000000" : 0,
            "70.000000" : 0,
            "80.000000" : 0,
            "90.000000" : 0,
            "95.000000" : 0,
            "99.000000" : 0,
            "99.500000" : 0,
            "99.900000" : 0,
            "99.950000" : 0,
            "99.990000" : 0,
            "0.00" : 0,
            "0.00" : 0,
            "0.00" : 0
          }
        }
      },
      "job_runtime" : 240000,
      "usr_cpu" : 90.435833,
      "sys_cpu" : 9.562500,
      "ctx" : 937,
      "majf" : 0,
      "minf" : 37,
      "iodepth_level" : {
        "1" : 99.738329,
        "2" : 0.261512,
        "4" : 0.100000,
        "8" : 0.000000,
        "16" : 0.000000,
        "32" : 0.000000,