{
  "fio version" : "fio-3.17-97-g8178",
  "timestamp" : 1579917420,
  "timestamp_ms" : 1579917420679,
  "time" : "Fri Jan 24 18:57:00 2020",
  "jobs" : [
    {
      "jobname" : "fixed-rate-submit",
      "groupid" : 0,
      "error" : 0,
      "eta" : 0,
      "elapsed" : 301,
      "job options" : {
        "ioengine" : "io_uring",
        "iodepth" : "16",
        "bs" : "4k",
        "group_reporting" : "1",
        "directory" : "/mnt/ramdisk",
        "size" : "10g",
        "time_based" : "1",
        "ramp_time" : "60",
        "runtime" : "240",
        "clocksource" : "cpu",
        "rw" : "randread",
        "numjobs" : "1",
        "nrfiles" : "1",
        "rate_iops" : "500000",
        "fixedbufs" : "1",
        "registerfiles" : "1",
        "sqthread_poll" : "0"
      },
      "read" : {
        "io_bytes" : 491519963136,
        "io_kbytes" : 479999964,
        "bw_bytes" : 2047991313,
        "bw" : 1999991,
        "iops" : 499997.870842,
        "runtime" : 240001,
        "total_ios" : 119999989,
        "short_ios" : 0,
        "drop_ios" : 0,
        "slat_ns" : {
          "min" : 981,
          "max" : 145191,
          "mean" : 1260.407291,
          "stddev" : 321.026803
        },
        "clat_ns" : {
          "min" : 211,
          "max" : 187224,
          "mean" : 7826.082771,
          "stddev" : 7557.602174,
          "percentile" : {
            "1.000000" : 516,
            "5.000000" : 588,
            "10.000000" : 652,
            "20.000000" : 2256,
            "30.000000" : 3856,
            "40.000000" : 5408,
            "50.000000" : 5728,
            "60.000000" : 7328,
            "70.000000" : 8896,
            "80.000000" : 10560,
            "90.000000" : 14528,
            "95.000000" : 28288,
            "99.000000" : 29312,
            "99.500000" : 40704,
            "99.900000" : 42752,
            "99.950000" : 44288,
            "99.990000" : 56576
          }
        },
        "lat_ns" : {
          "min" : 1297,
          "max" : 188548,
          "mean" : 9115.065557,
          "stddev" : 7601.970438
        },
        "bw_min" : 1001200,
        "bw_max" : 2002682,
        "bw_agg" : 80.156528,
        "bw_mean" : 1603123.338205,
        "bw_dev" : 191920.911895,
        "bw_samples" : 479,
        "iops_min" : 250300,
        "iops_max" : 500670,
        "iops_mean" : 400780.471816,
        "iops_stddev" : 47980.228017,
        "iops_samples" : 479
      },
      "write" : {
        "io_bytes" : 0,
        "io_kbytes" : 0,
        "bw_bytes" : 0,
        "bw" : 0,
        "iops" : 0.000000,
        "runtime" : 0,
        "total_ios" : 0,
        "short_ios" : 0,
        "drop_ios" : 0,
        "slat_ns" : {
          "min" : 0,
          "max" : 0,
          "mean" : 0.000000,
          "stddev" : 0.000000
        },
        "clat_ns" : {
          "min" : 0,
          "max" : 0,
          "mean" : 0.000000,
          "stddev" : 0.000000,
          "percentile" : {
            "1.000000" : 0,
            "5.000000" : 0,
            "10.000000" : 0,
            "20.000000" : 0,
            "30.000000" : 0,
            "40.000000" : 0,
            "50.000000" : 0,
            "60.000000" : 0,
            "70.000000" : 0,
            "80.000000" : 0,
            "90.000000" : 0,
            "95.000000" : 0,
            "99.000000" : 0,
            "99.500000" : 0,
            "99.900000" : 0,
            "99.950000" : 0,
            "99.990000" : 0
          }
        },
        "lat_ns" : {
          "min" : 0,
          "max" : 0,
          "mean" : 0.000000,
          "stddev" : 0.000000
        },
        "bw_min" : 0,
        "bw_max" : 0,
        "bw_agg" : 0.000000,
        "bw_mean" : 0.000000,
        "bw_dev" : 0.000000,
        "bw_samples" : 0,
        "iops_min" : 0,
        "iops_max" : 0,
        "iops_mean" : 0.000000,
        "iops_stddev" : 0.000000,
        "iops_samples" : 0
      },
      "trim" : {
        "io_bytes" : 0,
        "io_kbytes" : 0,
        "bw_bytes" : 0,
        "bw" : 0,
        "iops" : 0.000000,
        "runtime" : 0,
        "total_ios" : 0,
        "short_ios" : 0,
        "drop_ios" : 0,
        "slat_ns" : {
          "min" : 0,
          "max" : 0,
          "mean" : 0.000000,
          "stddev" : 0.000000
        },
        "clat_ns" : {
          "min" : 0,
          "max" : 0,
          "mean" : 0.000000,
          "stddev" : 0.000000,
          "percentile" : {
            "1.000000" : 0,
            "5.000000" : 0,
            "10.000000" : 0,
            "20.000000" : 0,
            "30.000000" : 0,
            "40.000000" : 0,
            "50.000000" : 0,
            "60.000000" : 0,
            "70.000000" : 0,
            "80.000000" : 0,
            "90.000000" : 0,
            "95.000000" : 0,
            "99.000000" : 0,
            "99.500000" : 0,
            "99.900000" : 0,
            "99.950000" : 0,
            "99.990000" : 0
          }
        },
        "lat_ns" : {
          "min" : 0,
          "max" : 0,
          "mean" : 0.000000,
          "stddev" : 0.000000
        },
        "bw_min" : 0,
        "bw_max" : 0,
        "bw_agg" : 0.000000,
        "bw_mean" : 0.000000,
        "bw_dev" : 0.000000,
        "bw_samples" : 0,
        "iops_min" : 0,
        "iops_max" : 0,
        "iops_mean" : 0.000000,
        "iops_stddev" : 0.000000,
        "iops_samples" : 0
      },
      "sync" : {
        "lat_ns" : {
          "min" : 0,
          "max" : 0,
          "mean" : 0.000000,
          "stddev" : 0.000000,
          "percentile" : {
            "1.000000" : 0,
            "5.000000" : 0,
            "10.000000" : 0,
            "20.000000" : 0,
            "30.000000" : 0,
            "40.000000" : 0,
            "50.000000" : 0,
            "60.000000" : 0,
            "70.000000" : 0,
            "80.000000" : 0,
            "90.000000" : 0,
            "95.000000" : 0,
            "99.000000" : 0,
            "99.500000" : 0,
            "99.900000" : 0,
            "99.950000" : 0,
            "99.990000" : 0
          }
        },
        "total_ios" : 0,
        "clat_prio" : {
          "samples" : 119999991,
          "min" : 211,
          "max" : 187224,
          "mean" : 7826.082771,
          "stddev" : 7557.602174,
          "percentile" : {
            "1.000000" : 516,
            "5.000000" : 588,
            "10.000000" : 652,
            "20.000000" : 2256,
            "30.000000" : 3856,
            "40.000000" : 5408,
            "50.000000" : 5728,
            "60.000000" : 7328,
            "70.000000" : 8896,
            "80.000000" : 10560,
            "90.000000" : 14528,
            "95.000000" : 28288,
            "99.000000" : 29312,
            "99.500000" : 40704,
            "99.900000" : 42752,
            "99.950000" : 44288,
            "99.990000" : 56576,
            "0.00" : 0,
            "0.00" : 0,
            "0.00" : 0
          }
        },
        "clat_low_prio" : {
          "samples" : 0,
          "min" : 0,
          "max" : 0,
          "mean" : 0.000000,
          "stddev" : 0.000000,
          "percentile" : {
            "1.000000" : 0,
            "5.000000" : 0,
            "10.000000" : 0,
            "20.000000" : 0,
            "30.000000" : 0,
            "40.000000" : 0,
            "50.000000" : 0,
            "60.000000" : 0,
            "70.000000" : 0,
            "80.000000" : 0,
            "90.000000" : 0,
            "95.000000" : 0,
            "99.000000" : 0,
            "99.500000" : 0,
            "99.900000" : 0,
            "99.950000" : 0,
            "99.990000" : 0,
            "0.00" : 0,
            "0.00" : 0,
            "0.00" : 0
          }
        }
      },
      "job_runtime" : 240000,
      "usr_cpu" : 52.731250,
      "sys_cpu" : 47.261667,
      "ctx" : 796,
      "majf" : 0,
      "minf" : 37,
      "iodepth_level" : {
        "1" : 13.049369,
        "2" : 26.098724,
        "4" : 47.423981,
        "8" : 5.048173,