{
  "fio version" : "fio-3.17-97-g8178",
  "timestamp" : 1579913510,
  "timestamp_ms" : 1579913510065,
  "time" : "Fri Jan 24 17:51:50 2020",
  "jobs" : [
    {
      "jobname" : "fixed-rate-submit",
      "groupid" : 0,
      "error" : 0,
      "eta" : 0,
      "elapsed" : 301,
      "job options" : {
        "ioengine" : "io_uring",
        "iodepth" : "4",
        "bs" : "4k",
        "group_reporting" : "1",
        "directory" : "/mnt/ramdisk",
        "size" : "10g",
        "time_based" : "1",
        "ramp_time" : "60",
        "runtime" : "240",
        "clocksource" : "cpu",
        "rw" : "randread",
        "numjobs" : "1",
        "nrfiles" : "1",
        "rate_iops" : "600000",
        "fixedbufs" : "1",
        "registerfiles" : "1",
        "sqthread_poll" : "0"
      },
      "read" : {
        "io_bytes" : 530479915008,
        "io_kbytes" : 518046792,
        "bw_bytes" : 2210323769,
        "bw" : 2158519,
        "iops" : 539629.809876,
        "runtime" : 240001,
        "total_ios" : 129511694,
        "short_ios" : 0,
        "drop_ios" : 0,
        "slat_ns" : {
          "min" : 970,
          "max" : 33761,
          "mean" : 1247.548941,
          "stddev" : 303.678332
        },
        "clat_ns" : {
          "min" : 467,
          "max" : 59418,
          "mean" : 5613.422523,
          "stddev" : 634.023797,
          "percentile" : {
            "1.000000" : 5344,
            "5.000000" : 5408,
            "10.000000" : 5408,
            "20.000000" : 5472,
            "30.000000" : 5472,
            "40.000000" : 5536,
            "50.000000" : 5536,
            "60.000000" : 5536,
            "70.000000" : 5600,
            "80.000000" : 5728,
            "90.000000" : 5856,
            "95.000000" : 5920,
            "99.000000" : 6048,
            "99.500000" : 6112,
            "99.900000" : 18816,
            "99.950000" : 20352,
            "99.990000" : 22400
          }
        },
        "lat_ns" : {
          "min" : 1704,
          "max" : 60722,
          "mean" : 6888.679148,
          "stddev" : 706.543147
        },
        "bw_min" : 1080720,
        "bw_max" : 2168480,
        "bw_agg" : 80.129187,
        "bw_mean" : 1729603.724426,
        "bw_dev" : 207762.311187,
        "bw_samples" : 479,
        "iops_min" : 270180,
        "iops_max" : 542120,
        "iops_mean" : 432400.613779,
        "iops_stddev" : 51940.590606,
        "iops_samples" : 479
      },
      "write" : {
        "io_bytes" : 0,
        "io_kbytes" : 0,
        "bw_bytes" : 0,
        "bw" : 0,
        "iops" : 0.000000,
        "runtime" : 0,
        "total_ios" : 0,
        "short_ios" : 0,
        "drop_ios" : 0,
        "slat_ns" : {
          "min" : 0,
          "max" : 0,
          "mean" : 0.000000,
          "stddev" : 0.000000
        },
        "clat_ns" : {
          "min" : 0,
          "max" : 0,
          "mean" : 0.000000,
          "stddev" : 0.000000,
          "percentile" : {
            "1.000000" : 0,
            "5.000000" : 0,
            "10.000000" : 0,
            "20.000000" : 0,
            "30.000000" : 0,
            "40.000000" : 0,
            "50.000000" : 0,
            "60.000000" : 0,
            "70.000000" : 0,
            "80.000000" : 0,
            "90.000000" : 0,
            "95.000000" : 0,
            "99.000000" : 0,
            "99.500000" : 0,
            "99.900000" : 0,
            "99.950000" : 0,
            "99.990000" : 0
          }
        },
        "lat_ns" : {
          "min" : 0,
          "max" : 0,
          "mean" : 0.000000,
          "stddev" : 0.000000
        },
        "bw_min" : 0,
        "bw_max" : 0,
        "bw_agg" : 0.000000,
        "bw_mean" : 0.000000,
        "bw_dev" : 0.000000,
        "bw_samples" : 0,
        "iops_min" : 0,
        "iops_max" : 0,
        "iops_mean" : 0.000000,
        "iops_stddev" : 0.000000,
        "iops_samples" : 0
      },
      "trim" : {
        "io_bytes" : 0,
        "io_kbytes" : 0,
        "bw_bytes" : 0,
        "bw" : 0,
        "iops" : 0.000000,
        "runtime" : 0,
        "total_ios" : 0,
        "short_ios" : 0,
        "drop_ios" : 0,
        "slat_ns" : {
          "min" : 0,
          "max" : 0,
          "mean" : 0.000000,
          "stddev" : 0.000000
        },
        "clat_ns" : {
          "min" : 0,
          "max" : 0,
          "mean" : 0.000000,
          "stddev" : 0.000000,
          "percentile" : {
            "1.000000" : 0,
            "5.000000" : 0,
            "10.000000" : 0,
            "20.000000" : 0,
            "30.000000" : 0,
            "40.000000" : 0,
            "50.000000" : 0,
            "60.000000" : 0,
            "70.000000" : 0,
            "80.000000" : 0,
            "90.000000" : 0,
            "95.000000" : 0,
            "99.000000" : 0,
            "99.500000" : 0,
            "99.900000" : 0,
            "99.950000" : 0,
            "99.990000" : 0
          }
        },
        "lat_ns" : {
          "min" : 0,
          "max" : 0,
          "mean" : 0.000000,
          "stddev" : 0.000000
        },
        "bw_min" : 0,
        "bw_max" : 0,
        "bw_agg" : 0.000000,
        "bw_mean" : 0.000000,
        "bw_dev" : 0.000000,
        "bw_samples" : 0,
        "iops_min" : 0,
        "iops_max" : 0,
        "iops_mean" : 0.000000,
        "iops_stddev" : 0.000000,
        "iops_samples" : 0
      },
      "sync" : {
        "lat_ns" : {
          "min" : 0,
          "max" : 0,
          "mean" : 0.000000,
          "stddev" : 0.000000,
          "percentile" : {
            "1.000000" : 0,
            "5.000000" : 0,
            "10.000000" : 0,
            "20.000000" : 0,
            "30.000000" : 0,
            "40.000000" : 0,
            "50.000000" : 0,
            "60.000000" : 0,
            "70.000000" : 0,
            "80.000000" : 0,
            "90.000000" : 0,
            "95.000000" : 0,
            "99.000000" : 0,
            "99.500000" : 0,
            "99.900000" : 0,
            "99.950000" : 0,
            "99.990000" : 0
          }
        },
        "total_ios" : 0,
        "clat_prio" : {
          "samples" : 129511697,
          "min" : 467,
          "max" : 59418,
          "mean" : 5613.422523,
          "stddev" : 634.023797,
          "percentile" : {
            "1.000000" : 5344,
            "5.000000" : 5408,
            "10.000000" : 5408,
            "20.000000" : 5472,
            "30.000000" : 5472,
            "40.000000" : 5536,
            "50.000000" : 5536,
            "60.000000" : 5536,
            "70.000000" : 5600,
            "80.000000" : 5728,
            "90.000000" : 5856,
            "95.000000" : 5920,
            "99.000000" : 6048,
            "99.500000" : 6112,
            "99.900000" : 18816,
            "99.950000" : 20352,
            "99.990000" : 22400,
            "0.00" : 0,
            "0.00" : 0,
            "0.00" : 0
          }
        },
        "clat_low_prio" : {
          "samples" : 0,
          "min" : 0,
          "max" : 0,
          "mean" : 0.000000,
          "stddev" : 0.000000,
          "percentile" : {
            "1.000000" : 0,
            "5.000000" : 0,
            "10.000000" : 0,
            "20.000000" : 0,
            "30.000000" : 0,
            "40.000000" : 0,
            "50.000000" : 0,
            "60.000000" : 0,
            "70.000000" : 0,
            "80.000000" : 0,
            "90.000000" : 0,
            "95.000000" : 0,
            "99.000000" : 0,
            "99.500000" : 0,
            "99.900000" : 0,
            "99.950000" : 0,
            "99.990000" : 0,
            "0.00" : 0,
            "0.00" : 0,
            "0.00" : 0
          }
        }
      },
      "job_runtime" : 240000,
      "usr_cpu" : 49.089167,
      "sys_cpu" : 50.909167,
      "ctx" : 679,
      "majf" : 0,
      "minf" : 37,
      "iodepth_level" : {
        "1" : 0.000000,
        "2" : 0.000000,
        "4" : 100.000000,
        "8" : 0.000000,