{
  "fio version" : "fio-3.17-97-g8178",
  "timestamp" : 1579912908,
  "timestamp_ms" : 1579912908421,
  "time" : "Fri Jan 24 17:41:48 2020",
  "jobs" : [
    {
      "jobname" : "fixed-rate-submit",
      "groupid" : 0,
      "error" : 0,
      "eta" : 0,
      "elapsed" : 301,
      "job options" : {
        "ioengine" : "io_uring",
        "iodepth" : "4",
        "bs" : "4k",
        "group_reporting" : "1",
        "directory" : "/mnt/ramdisk",
        "size" : "10g",
        "time_based" : "1",
        "ramp_time" : "60",
        "runtime" : "240",
        "clocksource" : "cpu",
        "rw" : "randread",
        "numjobs" : "1",
        "nrfiles" : "1",
        "rate_iops" : "400000",
        "fixedbufs" : "1",
        "registerfiles" : "1",
        "sqthread_poll" : "0"
      },
      "read" : {
        "io_bytes" : 393216008192,
        "io_kbytes" : 384000008,
        "bw_bytes" : 1638393207,
        "bw" : 1599993,
        "iops" : 399998.337507,
        "runtime" : 240001,
        "total_ios" : 96000001,
        "short_ios" : 0,
        "drop_ios" : 0,
        "slat_ns" : {
          "min" : 980,
          "max" : 35660,
          "mean" : 1260.587149,
          "stddev" : 331.073805
        },
        "clat_ns" : {
          "min" : 92,
          "max" : 42506,
          "mean" : 1138.600865,
          "stddev" : 1273.601808,
          "percentile" : {
            "1.000000" : 103,
            "5.000000" : 185,
            "10.000000" : 195,
            "20.000000" : 197,
            "30.000000" : 201,
            "40.000000" : 203,
            "50.000000" : 302,
            "60.000000" : 1816,
            "70.000000" : 1848,
            "80.000000" : 1864,
            "90.000000" : 1912,
            "95.000000" : 2128,
            "99.000000" : 5664,
            "99.500000" : 5856,
            "99.900000" : 18560,
            "99.950000" : 18816,
            "99.990000" : 20864
          }
        },
        "lat_ns" : {
          "min" : 1112,
          "max" : 65382,
          "mean" : 2427.440500,
          "stddev" : 1354.507530
        },
        "bw_min" : 800960,
        "bw_max" : 1600116,
        "bw_agg" : 80.082189,
        "bw_mean" : 1281309.415449,
        "bw_dev" : 153927.432065,
        "bw_samples" : 479,
        "iops_min" : 200240,
        "iops_max" : 400029,
        "iops_mean" : 320327.014614,
        "iops_stddev" : 38481.860546,
        "iops_samples" : 479
      },
      "write" : {
        "io_bytes" : 0,
        "io_kbytes" : 0,
        "bw_bytes" : 0,
        "bw" : 0,
        "iops" : 0.000000,
        "runtime" : 0,
        "total_ios" : 0,
        "short_ios" : 0,
        "drop_ios" : 0,
        "slat_ns" : {
          "min" : 0,
          "max" : 0,
          "mean" : 0.000000,
          "stddev" : 0.000000
        },
        "clat_ns" : {
          "min" : 0,
          "max" : 0,
          "mean" : 0.000000,
          "stddev" : 0.000000,
          "percentile" : {
            "1.000000" : 0,
            "5.000000" : 0,
            "10.000000" : 0,
            "20.000000" : 0,
            "30.000000" : 0,
            "40.000000" : 0,
            "50.000000" : 0,
            "60.000000" : 0,
            "70.000000" : 0,
            "80.000000" : 0,
            "90.000000" : 0,
            "95.000000" : 0,
            "99.000000" : 0,
            "99.500000" : 0,
            "99.900000" : 0,
            "99.950000" : 0,
            "99.990000" : 0
          }
        },
        "lat_ns" : {
          "min" : 0,
          "max" : 0,
          "mean" : 0.000000,
          "stddev" : 0.000000
        },
        "bw_min" : 0,
        "bw_max" : 0,
        "bw_agg" : 0.000000,
        "bw_mean" : 0.000000,
        "bw_dev" : 0.000000,
        "bw_samples" : 0,
        "iops_min" : 0,
        "iops_max" : 0,
        "iops_mean" : 0.000000,
        "iops_stddev" : 0.000000,
        "iops_samples" : 0
      },
      "trim" : {
        "io_bytes" : 0,
        "io_kbytes" : 0,
        "bw_bytes" : 0,
        "bw" : 0,
        "iops" : 0.000000,
        "runtime" : 0,
        "total_ios" : 0,
        "short_ios" : 0,
        "drop_ios" : 0,
        "slat_ns" : {
          "min" : 0,
          "max" : 0,
          "mean" : 0.000000,
          "stddev" : 0.000000
        },
        "clat_ns" : {
          "min" : 0,
          "max" : 0,
          "mean" : 0.000000,
          "stddev" : 0.000000,
          "percentile" : {
            "1.000000" : 0,
            "5.000000" : 0,
            "10.000000" : 0,
            "20.000000" : 0,
            "30.000000" : 0,
            "40.000000" : 0,
            "50.000000" : 0,
            "60.000000" : 0,
            "70.000000" : 0,
            "80.000000" : 0,
            "90.000000" : 0,
            "95.000000" : 0,
            "99.000000" : 0,
            "99.500000" : 0,
            "99.900000" : 0,
            "99.950000" : 0,
            "99.990000" : 0
          }
        },
        "lat_ns" : {
          "min" : 0,
          "max" : 0,
          "mean" : 0.000000,
          "stddev" : 0.000000
        },
        "bw_min" : 0,
        "bw_max" : 0,
        "bw_agg" : 0.000000,
        "bw_mean" : 0.000000,
        "bw_dev" : 0.000000,
        "bw_samples" : 0,
        "iops_min" : 0,
        "iops_max" : 0,
        "iops_mean" : 0.000000,
        "iops_stddev" : 0.000000,
        "iops_samples" : 0
      },
      "sync" : {
        "lat_ns" : {
          "min" : 0,
          "max" : 0,
          "mean" : 0.000000,
          "stddev" : 0.000000,
          "percentile" : {
            "1.000000" : 0,
            "5.000000" : 0,
            "10.000000" : 0,
            "20.000000" : 0,
            "30.000000" : 0,
            "40.000000" : 0,
            "50.000000" : 0,
            "60.000000" : 0,
            "70.000000" : 0,
            "80.000000" : 0,
            "90.000000" : 0,
            "95.000000" : 0,
            "99.000000" : 0,
            "99.500000" : 0,
            "99.900000" : 0,
            "99.950000" : 0,
            "99.990000" : 0
          }
        },
        "total_ios" : 0,
        "clat_prio" : {
          "samples" : 96000002,
          "min" : 92,
          "max" : 42506,
          "mean" : 1138.600865,
          "stddev" : 1273.601808,
          "percentile" : {
            "1.000000" : 103,
            "5.000000" : 185,
            "10.000000" : 195,
            "20.000000" : 197,
            "30.000000" : 201,
            "40.000000" : 203,
            "50.000000" : 302,
            "60.000000" : 1816,
            "70.000000" : 1848,
            "80.000000" : 1864,
            "90.000000" : 1912,
            "95.000000" : 2128,
            "99.000000" : 5664,
            "99.500000" : 5856,
            "99.900000" : 18560,
            "99.950000" : 18816,
            "99.990000" : 20864,
            "0.00" : 0,
            "0.00" : 0,
            "0.00" : 0
          }
        },
        "clat_low_prio" : {
          "samples" : 0,
          "min" : 0,
          "max" : 0,
          "mean" : 0.000000,
          "stddev" : 0.000000,
          "percentile" : {
            "1.000000" : 0,
            "5.000000" : 0,
            "10.000000" : 0,
            "20.000000" : 0,
            "30.000000" : 0,
            "40.000000" : 0,
            "50.000000" : 0,
            "60.000000" : 0,
            "70.000000" : 0,
            "80.000000" : 0,
            "90.000000" : 0,
            "95.000000" : 0,
            "99.000000" : 0,
            "99.500000" : 0,
            "99.900000" : 0,
            "99.950000" : 0,
            "99.990000" : 0,
            "0.00" : 0,
            "0.00" : 0,
            "0.00" : 0
          }
        }
      },
      "job_runtime" : 240000,
      "usr_cpu" : 61.975417,
      "sys_cpu" : 38.022917,
      "ctx" : 729,
      "majf" : 0,
      "minf" : 37,
      "iodepth_level" : {
        "1" : 50.108783,
        "2" : 47.979236,
        "4" : 1.911981,
        "8" : 0.000000,
        "16" : 0.000000,