{
  "fio version" : "fio-3.17-97-g8178",
  "timestamp" : 1579913209,
  "timestamp_ms" : 1579913209244,
  "time" : "Fri Jan 24 17:46:49 2020",
  "jobs" : [
    {
      "jobname" : "fixed-rate-submit",
      "groupid" : 0,
      "error" : 0,
      "eta" : 0,
      "elapsed" : 301,
      "job options" : {
        "ioengine" : "io_uring",
        "iodepth" : "4",
        "bs" : "4k",
        "group_reporting" : "1",
        "directory" : "/mnt/ramdisk",
        "size" : "10g",
        "time_based" : "1",
        "ramp_time" : "60",
        "runtime" : "240",
        "clocksource" : "cpu",
        "rw" : "randread",
        "numjobs" : "1",
        "nrfiles" : "1",
        "rate_iops" : "500000",
        "fixedbufs" : "1",
        "registerfiles" : "1",
        "sqthread_poll" : "0"
      },
      "read" : {
        "io_bytes" : 491520020480,
        "io_kbytes" : 480000020,
        "bw_bytes" : 2047991552,
        "bw" : 1999991,
        "iops" : 499997.920842,
        "runtime" : 240001,
        "total_ios" : 120000001,
        "short_ios" : 0,
        "drop_ios" : 0,
        "slat_ns" : {
          "min" : 985,
          "max" : 34759,
          "mean" : 1284.191074,
          "stddev" : 317.327423
        },
        "clat_ns" : {
          "min" : 134,
          "max" : 69525,
          "mean" : 4640.113634,
          "stddev" : 1921.437327,
          "percentile" : {
            "1.000000" : 358,
            "5.000000" : 362,
            "10.000000" : 2008,
            "20.000000" : 3760,
            "30.000000" : 5216,
            "40.000000" : 5408,
            "50.000000" : 5536,
            "60.000000" : 5600,
            "70.000000" : 5664,
            "80.000000" : 5792,
            "90.000000" : 5920,
            "95.000000" : 5984,
            "99.000000" : 6112,
            "99.500000" : 6240,
            "99.900000" : 18560,
            "99.950000" : 20352,
            "99.990000" : 22400
          }
        },
        "lat_ns" : {
          "min" : 1279,
          "max" : 70989,
          "mean" : 5952.793468,
          "stddev" : 1968.655415
        },
        "bw_min" : 1001240,
        "bw_max" : 2002336,
        "bw_agg" : 80.047684,
        "bw_mean" : 1600946.467641,
        "bw_dev" : 193167.109124,
        "bw_samples" : 479,
        "iops_min" : 250310,
        "iops_max" : 500584,
        "iops_mean" : 400236.294363,
        "iops_stddev" : 48291.769574,
        "iops_samples" : 479
      },
      "write" : {
        "io_bytes" : 0,
        "io_kbytes" : 0,
        "bw_bytes" : 0,
        "bw" : 0,
        "iops" : 0.000000,
        "runtime" : 0,
        "total_ios" : 0,
        "short_ios" : 0,
        "drop_ios" : 0,
        "slat_ns" : {
          "min" : 0,
          "max" : 0,
          "mean" : 0.000000,
          "stddev" : 0.000000
        },
        "clat_ns" : {
          "min" : 0,
          "max" : 0,
          "mean" : 0.000000,
          "stddev" : 0.000000,
          "percentile" : {
            "1.000000" : 0,
            "5.000000" : 0,
            "10.000000" : 0,
            "20.000000" : 0,
            "30.000000" : 0,
            "40.000000" : 0,
            "50.000000" : 0,
            "60.000000" : 0,
            "70.000000" : 0,
            "80.000000" : 0,
            "90.000000" : 0,
            "95.000000" : 0,
            "99.000000" : 0,
            "99.500000" : 0,
            "99.900000" : 0,
            "99.950000" : 0,
            "99.990000" : 0
          }
        },
        "lat_ns" : {
          "min" : 0,
          "max" : 0,
          "mean" : 0.000000,
          "stddev" : 0.000000
        },
        "bw_min" : 0,
        "bw_max" : 0,
        "bw_agg" : 0.000000,
        "bw_mean" : 0.000000,
        "bw_dev" : 0.000000,
        "bw_samples" : 0,
        "iops_min" : 0,
        "iops_max" : 0,
        "iops_mean" : 0.000000,
        "iops_stddev" : 0.000000,
        "iops_samples" : 0
      },
      "trim" : {
        "io_bytes" : 0,
        "io_kbytes" : 0,
        "bw_bytes" : 0,
        "bw" : 0,
        "iops" : 0.000000,
        "runtime" : 0,
        "total_ios" : 0,
        "short_ios" : 0,
        "drop_ios" : 0,
        "slat_ns" : {
          "min" : 0,
          "max" : 0,
          "mean" : 0.000000,
          "stddev" : 0.000000
        },
        "clat_ns" : {
          "min" : 0,
          "max" : 0,
          "mean" : 0.000000,
          "stddev" : 0.000000,
          "percentile" : {
            "1.000000" : 0,
            "5.000000" : 0,
            "10.000000" : 0,
            "20.000000" : 0,
            "30.000000" : 0,
            "40.000000" : 0,
            "50.000000" : 0,
            "60.000000" : 0,
            "70.000000" : 0,
            "80.000000" : 0,
            "90.000000" : 0,
            "95.000000" : 0,
            "99.000000" : 0,
            "99.500000" : 0,
            "99.900000" : 0,
            "99.950000" : 0,
            "99.990000" : 0
          }
        },
        "lat_ns" : {
          "min" : 0,
          "max" : 0,
          "mean" : 0.000000,
          "stddev" : 0.000000
        },
        "bw_min" : 0,
        "bw_max" : 0,
        "bw_agg" : 0.000000,
        "bw_mean" : 0.000000,
        "bw_dev" : 0.000000,
        "bw_samples" : 0,
        "iops_min" : 0,
        "iops_max" : 0,
        "iops_mean" : 0.000000,
        "iops_stddev" : 0.000000,
        "iops_samples" : 0
      },
      "sync" : {
        "lat_ns" : {
          "min" : 0,
          "max" : 0,
          "mean" : 0.000000,
          "stddev" : 0.000000,
          "percentile" : {
            "1.000000" : 0,
            "5.000000" : 0,
            "10.000000" : 0,
            "20.000000" : 0,
            "30.000000" : 0,
            "40.000000" : 0,
            "50.000000" : 0,
            "60.000000" : 0,
            "70.000000" : 0,
            "80.000000" : 0,
            "90.000000" : 0,
            "95.000000" : 0,
            "99.000000" : 0,
            "99.500000" : 0,
            "99.900000" : 0,
            "99.950000" : 0,
            "99.990000" : 0
          }
        },
        "total_ios" : 0,
        "clat_prio" : {
          "samples" : 120000004,
          "min" : 134,
          "max" : 69525,
          "mean" : 4640.113634,
          "stddev" : 1921.437327,
          "percentile" : {
            "1.000000" : 358,
            "5.000000" : 362,
            "10.000000" : 2008,
            "20.000000" : 3760,
            "30.000000" : 5216,
            "40.000000" : 5408,
            "50.000000" : 5536,
            "60.000000" : 5600,
            "70.000000" : 5664,
            "80.000000" : 5792,
            "90.000000" : 5920,
            "95.000000" : 5984,
            "99.000000" : 6112,
            "99.500000" : 6240,
            "99.900000" : 18560,
            "99.950000" : 20352,
            "99.990000" : 22400,
            "0.00" : 0,
            "0.00" : 0,
            "0.00" : 0
          }
        },
        "clat_low_prio" : {
          "samples" : 0,
          "min" : 0,
          "max" : 0,
          "mean" : 0.000000,
          "stddev" : 0.000000,
          "percentile" : {
            "1.000000" : 0,
            "5.000000" : 0,
            "10.000000" : 0,
            "20.000000" : 0,
            "30.000000" : 0,
            "40.000000" : 0,
            "50.000000" : 0,
            "60.000000" : 0,
            "70.000000" : 0,
            "80.000000" : 0,
            "90.000000" : 0,
            "95.000000" : 0,
            "99.000000" : 0,
            "99.500000" : 0,
            "99.900000" : 0,
            "99.950000" : 0,
            "99.990000" : 0,
            "0.00" : 0,
            "0.00" : 0,
            "0.00" : 0
          }
        }
      },
      "job_runtime" : 240000,
      "usr_cpu" : 51.422083,
      "sys_cpu" : 48.575417,
      "ctx" : 986,
      "majf" : 0,
      "minf" : 37,
      "iodepth_level" : {
        "1" : 9.899671,
        "2" : 19.799273,
        "4" : 70.301056,
        "8" : 0.000000,