{
  "fio version" : "fio-3.17-97-g8178",
  "timestamp" : 1579909298,
  "timestamp_ms" : 1579909298371,
  "time" : "Fri Jan 24 16:41:38 2020",
  "jobs" : [
    {
      "jobname" : "fixed-rate-submit",
      "groupid" : 0,
      "error" : 0,
      "eta" : 0,
      "elapsed" : 301,
      "job options" : {
        "ioengine" : "io_uring",
        "iodepth" : "16",
        "bs" : "4k",
        "group_reporting" : "1",
        "directory" : "/mnt/ramdisk",
        "size" : "10g",
        "time_based" : "1",
        "ramp_time" : "60",
        "runtime" : "240",
        "clocksource" : "cpu",
        "rw" : "randread",
        "numjobs" : "1",
        "nrfiles" : "1",
        "rate_iops" : "600000",
        "fixedbufs" : "1",
        "registerfiles" : "1",
        "sqthread_poll" : "1"
      },
      "read" : {
        "io_bytes" : 589824004096,
        "io_kbytes" : 576000004,
        "bw_bytes" : 2457589777,
        "bw" : 2399990,
        "iops" : 599997.500010,
        "runtime" : 240001,
        "total_ios" : 144000000,
        "short_ios" : 0,
        "drop_ios" : 0,
        "slat_ns" : {
          "min" : 0,
          "max" : 0,
          "mean" : 0.000000,
          "stddev" : 0.000000
        },
        "clat_ns" : {
          "min" : 563,
          "max" : 111784,
          "mean" : 1254.609358,
          "stddev" : 399.492096,
          "percentile" : {
            "1.000000" : 820,
            "5.000000" : 876,
            "10.000000" : 908,
            "20.000000" : 1064,
            "30.000000" : 1112,
            "40.000000" : 1144,
            "50.000000" : 1208,
            "60.000000" : 1256,
            "70.000000" : 1320,
            "80.000000" : 1528,
            "90.000000" : 1624,
            "95.000000" : 1704,
            "99.000000" : 1960,
            "99.500000" : 2024,
            "99.900000" : 3472,
            "99.950000" : 6944,
            "99.990000" : 20608
          }
        },
        "lat_ns" : {
          "min" : 624,
          "max" : 111822,
          "mean" : 1293.775126,
          "stddev" : 399.531372
        },
        "bw_min" : 1201520,
        "bw_max" : 2402800,
        "bw_agg" : 80.132278,
        "bw_mean" : 1923166.649269,
        "bw_dev" : 230313.671647,
        "bw_samples" : 479,
        "iops_min" : 300380,
        "iops_max" : 600700,
        "iops_mean" : 480791.288100,
        "iops_stddev" : 57578.393993,
        "iops_samples" : 479
      },
      "write" : {
        "io_bytes" : 0,
        "io_kbytes" : 0,
        "bw_bytes" : 0,
        "bw" : 0,
        "iops" : 0.000000,
        "runtime" : 0,
        "total_ios" : 0,
        "short_ios" : 0,
        "drop_ios" : 0,
        "slat_ns" : {
          "min" : 0,
          "max" : 0,
          "mean" : 0.000000,
          "stddev" : 0.000000
        },
        "clat_ns" : {
          "min" : 0,
          "max" : 0,
          "mean" : 0.000000,
          "stddev" : 0.000000,
          "percentile" : {
            "1.000000" : 0,
            "5.000000" : 0,
            "10.000000" : 0,
            "20.000000" : 0,
            "30.000000" : 0,
            "40.000000" : 0,
            "50.000000" : 0,
            "60.000000" : 0,
            "70.000000" : 0,
            "80.000000" : 0,
            "90.000000" : 0,
            "95.000000" : 0,
            "99.000000" : 0,
            "99.500000" : 0,
            "99.900000" : 0,
            "99.950000" : 0,
            "99.990000" : 0
          }
        },
        "lat_ns" : {
          "min" : 0,
          "max" : 0,
          "mean" : 0.000000,
          "stddev" : 0.000000
        },
        "bw_min" : 0,
        "bw_max" : 0,
        "bw_agg" : 0.000000,
        "bw_mean" : 0.000000,
        "bw_dev" : 0.000000,
        "bw_samples" : 0,
        "iops_min" : 0,
        "iops_max" : 0,
        "iops_mean" : 0.000000,
        "iops_stddev" : 0.000000,
        "iops_samples" : 0
      },
      "trim" : {
        "io_bytes" : 0,
        "io_kbytes" : 0,
        "bw_bytes" : 0,
        "bw" : 0,
        "iops" : 0.000000,
        "runtime" : 0,
        "total_ios" : 0,
        "short_ios" : 0,
        "drop_ios" : 0,
        "slat_ns" : {
          "min" : 0,
          "max" : 0,
          "mean" : 0.000000,
          "stddev" : 0.000000
        },
        "clat_ns" : {
          "min" : 0,
          "max" : 0,
          "mean" : 0.000000,
          "stddev" : 0.000000,
          "percentile" : {
            "1.000000" : 0,
            "5.000000" : 0,
            "10.000000" : 0,
            "20.000000" : 0,
            "30.000000" : 0,
            "40.000000" : 0,
            "50.000000" : 0,
            "60.000000" : 0,
            "70.000000" : 0,
            "80.000000" : 0,
            "90.000000" : 0,
            "95.000000" : 0,
            "99.000000" : 0,
            "99.500000" : 0,
            "99.900000" : 0,
            "99.950000" : 0,
            "99.990000" : 0
          }
        },
        "lat_ns" : {
          "min" : 0,
          "max" : 0,
          "mean" : 0.000000,
          "stddev" : 0.000000
        },
        "bw_min" : 0,
        "bw_max" : 0,
        "bw_agg" : 0.000000,
        "bw_mean" : 0.000000,
        "bw_dev" : 0.000000,
        "bw_samples" : 0,
        "iops_min" : 0,
        "iops_max" : 0,
        "iops_mean" : 0.000000,
        "iops_stddev" : 0.000000,
        "iops_samples" : 0
      },
      "sync" : {
        "lat_ns" : {
          "min" : 0,
          "max" : 0,
          "mean" : 0.000000,
          "stddev" : 0.000000,
          "percentile" : {
            "1.000000" : 0,
            "5.000000" : 0,
            "10.000000" : 0,
            "20.000000" : 0,
            "30.000000" : 0,
            "40.000000" : 0,
            "50.000000" : 0,
            "60.000000" : 0,
            "70.000000" : 0,
            "80.000000" : 0,
            "90.000000" : 0,
            "95.000000" : 0,
            "99.000000" : 0,
            "99.500000" : 0,
            "99.900000" : 0,
            "99.950000" : 0,
            "99.990000" : 0
          }
        },
        "total_ios" : 0,
        "clat_prio" : {
          "samples" : 144000000,
          "min" : 563,
          "max" : 111784,
          "mean" : 1254.609358,
          "stddev" : 399.492096,
          "percentile" : {
            "1.000000" : 820,
            "5.000000" : 876,
            "10.000000" : 908,
            "20.000000" : 1064,
            "30.000000" : 1112,
            "40.000000" : 1144,
            "50.000000" : 1208,
            "60.000000" : 1256,
            "70.000000" : 1320,
            "80.000000" : 1528,
            "90.000000" : 1624,
            "95.000000" : 1704,
            "99.000000" : 1960,
            "99.500000" : 2024,
            "99.900000" : 3472,
            "99.950000" : 6944,
            "99.990000" : 20608,
            "0.00" : 0,
            "0.00" : 0,
            "0.00" : 0
          }
        },
        "clat_low_prio" : {
          "samples" : 0,
          "min" : 0,
          "max" : 0,
          "mean" : 0.000000,
          "stddev" : 0.000000,
          "percentile" : {
            "1.000000" : 0,
            "5.000000" : 0,
            "10.000000" : 0,
            "20.000000" : 0,
            "30.000000" : 0,
            "40.000000" : 0,
            "50.000000" : 0,
            "60.000000" : 0,
            "70.000000" : 0,
            "80.000000" : 0,
            "90.000000" : 0,
            "95.000000" : 0,
            "99.000000" : 0,
            "99.500000" : 0,
            "99.900000" : 0,
            "99.950000" : 0,
            "99.990000" : 0,
            "0.00" : 0,
            "0.00" : 0,
            "0.00" : 0
          }
        }
      },
      "job_runtime" : 240000,
      "usr_cpu" : 99.999167,
      "sys_cpu" : 0.000000,
      "ctx" : 116,
      "majf" : 0,
      "minf" : 37,
      "iodepth_level" : {
        "1" : 39.909312,
        "2" : 59.969215,
        "4" : 0.100000,
        "8" : 0.100000,
        "16" : 0.100000,